Тип жилья,URL,Заголовок,Цена (₽/мес),Комнаты,Площадь (м²),Регион,Срок помощи,Дата публикации
Квартиры,https://www.avito.ru/kurskaya_oblast_zheleznogorsk/kvartiry/3-k._kvartira_64_m_35_et._7716507319,"3-к. квартира, 64 м², 3/5 эт.",20000,3,64.0,Курская,Более 2 месяцев,2025-11-02
Квартиры,https://www.avito.ru/kineshma/kvartiry/1-k._kvartira_45_m_35_et._7648411425,"1-к. квартира, 45 м², 3/5 эт.",35000,1,45.0,Ивановская,Более 2 месяцев,2025-09-08
Квартиры,https://www.avito.ru/mahachkala/kvartiry/1-k._kvartira_24_m_11_et._1791984259,"1-к. квартира, 24 м², 1/1 эт.",12000,1,24.0,Республика Дагестан,1 неделя,2019-09-23
Квартиры,https://www.avito.ru/kazan/kvartiry/2-k._kvartira_70_m_78_et._7659334633,"2-к. квартира, 70 м², 7/8 эт.",41000,2,70.0,Республика Татарстан (Татарстан),Более 2 месяцев,2025-09-12
Квартиры,https://www.avito.ru/orenburg/kvartiry/1-k._kvartira_31_m_49_et._7752145169,"1-к. квартира, 31 м², 4/9 эт.",17500,1,31.0,Оренбургская,2 недели,2025-12-11
Квартиры,https://www.avito.ru/cheboksary/kvartiry/1-k._kvartira_40_m_78_et._295226266,"1-к. квартира, 40 м², 7/8 эт.",28000,1,40.0,Чувашская Республика — Чувашия,1 месяц,2014-03-13
Квартиры,https://www.avito.ru/zavodoukovsk/kvartiry/2-k._kvartira_44_m_15_et._7818606461,"2-к. квартира, 44 м², 1/5 эт.",3000,2,44.0,Тюменская,Более 2 месяцев,2025-12-07
Квартиры,https://www.avito.ru/sankt-peterburg/kvartiry/kvartira-studiya_20_m_2025_et._7593690361,"Квартира-студия, 20 м², 20/25 эт.",35000,студия,20.0,Санкт-Петербург,2 недели,2025-08-17
Квартиры,https://www.avito.ru/neftekumsk/kvartiry/1-k._kvartira_297_m_45_et._7638178774,"1-к. квартира, 29,7 м², 4/5 эт.",14000,1,29.7,Ставропольский,Более 2 месяцев,2025-08-27
Квартиры,https://www.avito.ru/vidnoe/kvartiry/2-k._kvartira_57_m_2020_et._7791450316,"2-к. квартира, 57 м², 20/20 эт.",40000,2,57.0,Московская,1 неделя,2025-12-07
Квартиры,https://www.avito.ru/kemerovskaya_oblast_mezhdurechensk/kvartiry/2-k._kvartira_496_m_35_et._7785878082,"2-к. квартира, 49,6 м², 3/5 эт.",23000,2,49.6,Кемеровская — Кузбасс,2 недели,2025-11-14
Квартиры,https://www.avito.ru/ulyanovsk/kvartiry/1-k._kvartira_313_m_55_et._4748340024,"1-к. квартира, 31,3 м², 5/5 эт.",17000,1,31.3,Ульяновская,1 неделя,2024-11-06
Квартиры,https://www.avito.ru/sochi/kvartiry/kvartira-studiya_27_m_45_et._7842228574,"Квартира-студия, 27 м², 4/5 эт.",30000,студия,27.0,Краснодарский,1 неделя,2025-12-13
Квартиры,https://www.avito.ru/kaluga/kvartiry/2-k._kvartira_57_m_612_et._599276618,"2-к. квартира, 57 м², 6/12 эт.",27000,2,57.0,Калужская,Более 2 месяцев,2015-07-01
Квартиры,https://www.avito.ru/sochi/kvartiry/2-k._kvartira_38_m_110_et._1998373356,"2-к. квартира, 38 м², 1/10 эт.",40000,2,38.0,Краснодарский,1 неделя,2020-10-10
Квартиры,https://www.avito.ru/nevyansk/kvartiry/2-k._kvartira_446_m_15_et._7807452710,"2-к. квартира, 44,6 м², 1/5 эт.",16000,2,44.6,Свердловская,1 неделя,2025-11-05
Квартиры,https://www.avito.ru/strezhevoy/kvartiry/1-k._kvartira_30_m_44_et._7501682860,"1-к. квартира, 30 м², 4/4 эт.",8000,1,30.0,Томская,1 месяц,2025-06-15
Квартиры,https://www.avito.ru/ekaterinburg/kvartiry/1-k._kvartira_27_m_45_et._7532998308,"1-к. квартира, 27 м², 4/5 эт.",20000,1,27.0,Свердловская,1 месяц,2025-07-01
Квартиры,https://www.avito.ru/kokoshkino/kvartiry/2-k._kvartira_80_m_1017_et._1864845765,"2-к. квартира, 80 м², 10/17 эт.",60000,2,80.0,Москва,Более 2 месяцев,2020-01-16
Квартиры,https://www.avito.ru/sochi/kvartiry/1-k._apartamenty_25_m_13_et._7546298638,"1-к. апартаменты, 25 м², 1/3 эт.",30000,1,25.0,Краснодарский,1 неделя,2025-08-11
Квартиры,https://www.avito.ru/krasnodar/kvartiry/2-k._kvartira_51_m_35_et._7646083346,"2-к. квартира, 51 м², 3/5 эт.",1250,2,51.0,Краснодарский,1 неделя,2025-10-06
Квартиры,https://www.avito.ru/murmansk/kvartiry/2-k._kvartira_480_m_15_et._839672233,"2-к. квартира, 480 м², 1/5 эт.",32000,2,480.0,Мурманская,Более 2 месяцев,2016-09-19
Квартиры,https://www.avito.ru/volgograd/kvartiry/2-k._kvartira_35_m_1619_et._7734826730,"2-к. квартира, 35 м², 16/19 эт.",33000,2,35.0,Волгоградская,Более 2 месяцев,2025-10-02
Квартиры,https://www.avito.ru/bugry/kvartiry/kvartira-studiya_213_m_35_et._7790564090,"Квартира-студия, 21,3 м², 3/5 эт.",25000,студия,21.3,Ленинградская,2 месяца,2025-12-07
Квартиры,https://www.avito.ru/gagarin/kvartiry/2-k._kvartira_48_m_15_et._7591527817,"2-к. квартира, 48 м², 1/5 эт.",38000,2,48.0,Смоленская,Более 2 месяцев,2025-09-11
Квартиры,https://www.avito.ru/surgut/kvartiry/2-k._kvartira_55_m_45_et._7464588561,"2-к. квартира, 55 м², 4/5 эт.",35000,2,55.0,Тюменская,1 неделя,2025-07-12
Квартиры,https://www.avito.ru/ishimbay/kvartiry/1-k._kvartira_32_m_23_et._7610303394,"1-к. квартира, 32 м², 2/3 эт.",26000,1,32.0,Республика Башкортостан,1 месяц,2025-09-09
Квартиры,https://www.avito.ru/sochi/kvartiry/1-k._kvartira_55_m_66_et._7285065327,"1-к. квартира, 55 м², 6/6 эт.",24700,1,55.0,Краснодарский,1 неделя,2025-04-06
Квартиры,https://www.avito.ru/roslavl/kvartiry/2-k._kvartira_42_m_25_et._7546069038,"2-к. квартира, 42 м², 2/5 эт.",5000,2,42.0,Смоленская,1 неделя,2025-08-03
Квартиры,https://www.avito.ru/nizhnekamsk/kvartiry/5-k._kvartira_95_m_15_et._4378038574,"5-к. квартира, 95 м², 1/5 эт.",90000,5,95.0,Республика Татарстан,2 недели,2024-08-25
Квартиры,https://www.avito.ru/slantsy/kvartiry/2-k._kvartira_80_m_19_et._7862637113,"2-к. квартира, 80 м², 1/9 эт.",15000,2,80.0,Ленинградская,1 неделя,2025-12-07
Квартиры,https://www.avito.ru/sankt-peterburg/kvartiry/1-k._kvartira_323_m_824_et._7522369873,"1-к. квартира, 32,3 м², 8/24 эт.",38000,1,32.3,Санкт-Петербург,1 неделя,2025-07-16
Квартиры,https://www.avito.ru/voronezh/kvartiry/1-k._kvartira_45_m_425_et._7749143981,"1-к. квартира, 45 м², 4/25 эт.",32000,1,45.0,Воронежская,1 неделя,2025-10-02
Квартиры,https://www.avito.ru/chelyabinsk/kvartiry/3-k._kvartira_629_m_49_et._7365380371,"3-к. квартира, 62,9 м², 4/9 эт.",38000,3,62.9,Челябинская,1 неделя,2025-05-10
Квартиры,https://www.avito.ru/pitkyaranta/kvartiry/1-k._kvartira_302_m_55_et._7751073249,"1-к. квартира, 30,2 м², 5/5 эт.",8000,1,30.2,Республика Карелия,2 месяца,2025-12-07
Квартиры,https://www.avito.ru/tyumen/kvartiry/kvartira-studiya_15_m_78_et._4841458117,"Квартира-студия, 15 м², 7/8 эт.",13000,студия,15.0,Тюменская,Более 2 месяцев,2025-01-23
Квартиры,https://www.avito.ru/samara/kvartiry/2-k._kvartira_48_m_89_et._7609599675,"2-к. квартира, 48 м², 8/9 эт.",30000,2,48.0,Самарская,1 месяц,2025-08-30
Квартиры,https://www.avito.ru/sankt-peterburg/kvartiry/1-k._kvartira_33_m_116_et._7596599787,"1-к. квартира, 33 м², 1/16 эт.",25000,1,33.0,Санкт-Петербург,1 неделя,2025-09-10
Квартиры,https://www.avito.ru/krasnodar/kvartiry/2-k._kvartira_75_m_25_et._7560762369,"2-к. квартира, 75 м², 2/5 эт.",30000,2,75.0,Краснодарский,1 неделя,2025-08-19
Квартиры,https://www.avito.ru/samara/kvartiry/1-k._kvartira_43_m_110_et._2406871574,"1-к. квартира, 43 м², 1/10 эт.",35000,1,43.0,Самарская,1 месяц,2022-05-20
Квартиры,https://www.avito.ru/markova/kvartiry/2-k._kvartira_40_m_56_et._4396121150,"2-к. квартира, 40 м², 5/6 эт.",31000,2,40.0,Иркутская,1 неделя,2024-07-11
Квартиры,https://www.avito.ru/purpe/kvartiry/2-k._kvartira_567_m_25_et._7802441654,"2-к. квартира, 56,7 м², 2/5 эт.",40000,2,56.7,Тюменская,1 месяц,2025-12-07
Квартиры,https://www.avito.ru/tomsk/kvartiry/kvartira-studiya_17_m_12_et._4614093089,"Квартира-студия, 17 м², 1/2 эт.",7000,студия,17.0,Томская,Более 2 месяцев,2024-11-16
Квартиры,https://www.avito.ru/syktyvkar/kvartiry/1-k._kvartira_383_m_112_et._7684661051,"1-к. квартира, 38,3 м², 1/12 эт.",10000,1,38.3,Республика Коми,Более 2 месяцев,2025-10-15
Квартиры,https://www.avito.ru/torzhok/kvartiry/2-k._kvartira_55_m_33_et._2530291805,"2-к. квартира, 55 м², 3/3 эт.",29000,2,55.0,Тверская,2 недели,2022-07-27
Квартиры,https://www.avito.ru/yanaul/kvartiry/1-k._kvartira_344_m_66_et._4503411792,"1-к. квартира, 34,4 м², 6/6 эт.",20000,1,34.4,Республика Башкортостан,Более 2 месяцев,2025-01-13
Квартиры,https://www.avito.ru/rubtsovsk/kvartiry/3-k._kvartira_66_m_12_et._7797226572,"3-к. квартира, 66 м², 1/2 эт.",15000,3,66.0,Алтайский,1 неделя,2025-11-30
Квартиры,https://www.avito.ru/balashiha/kvartiry/1-k._kvartira_45_m_1122_et._7782921229,"1-к. квартира, 45 м², 11/22 эт.",45000,1,45.0,Московская,1 неделя,2025-12-07
Квартиры,https://www.avito.ru/moskovskaya_oblast_krasnogorsk/kvartiry/2-k._apartamenty_65_m_33_et._2133280952,"2-к. апартаменты, 65 м², 3/3 эт.",45000,2,65.0,Московская,1 неделя,2021-05-01
Квартиры,https://www.avito.ru/chelyabinsk/kvartiry/2-k._kvartira_503_m_99_et._7800789366,"2-к. квартира, 50,3 м², 9/9 эт.",21000,2,50.3,Челябинская,2 месяца,2025-12-07
Квартиры,https://www.avito.ru/moskovskaya_oblast_krasnogorsk/kvartiry/2-k._apartamenty_65_m_33_et._2133280952,"2-к. апартаменты, 65 м², 3/3 эт.",45000,2,65.0,Московская,1 неделя,2021-05-01
Квартиры,https://www.avito.ru/ekaterinburg/kvartiry/2-k._kvartira_44_m_22_et._7692326154,"2-к. квартира, 44 м², 2/2 эт.",45000,2,44.0,Свердловская,Более 2 месяцев,2025-10-27
Квартиры,https://www.avito.ru/tyumen/kvartiry/kvartira-studiya_15_m_78_et._4841458117,"Квартира-студия, 15 м², 7/8 эт.",13000,студия,15.0,Тюменская,Более 2 месяцев,2025-01-23
Квартиры,https://www.avito.ru/tomsk/kvartiry/kvartira-studiya_17_m_12_et._4614093089,"Квартира-студия, 17 м², 1/2 эт.",7000,студия,17.0,Томская,Более 2 месяцев,2024-11-16
Квартиры,https://www.avito.ru/torzhok/kvartiry/2-k._kvartira_55_m_33_et._2530291805,"2-к. квартира, 55 м², 3/3 эт.",29000,2,55.0,Тверская,2 недели,2022-07-27
Квартиры,https://www.avito.ru/krasnodar/kvartiry/2-k._kvartira_75_m_25_et._7560762369,"2-к. квартира, 75 м², 2/5 эт.",30000,2,75.0,Краснодарский,1 неделя,2025-08-19
Квартиры,https://www.avito.ru/chelyabinsk/kvartiry/2-k._kvartira_503_m_99_et._7800789366,"2-к. квартира, 50,3 м², 9/9 эт.",21000,2,50.3,Челябинская,2 месяца,2025-12-07
Квартиры,https://www.avito.ru/novorossiysk/kvartiry/2-k._kvartira_45_m_35_et._4298255753,"2-к. квартира, 45 м², 3/5 эт.",38000,2,45.0,Краснодарский,Более 2 месяцев,2024-06-26
Квартиры,https://www.avito.ru/ulan-ude/kvartiry/kvartira-studiya_41_m_113_et._4405798772,"Квартира-студия, 41 м², 1/13 эт.",38000,студия,41.0,Республика Бурятия,Более 2 месяцев,2024-12-14
Квартиры,https://www.avito.ru/sochi/kvartiry/1-k._kvartira_341_m_46_et._7795279182,"1-к. квартира, 34,1 м², 4/6 эт.",40000,1,34.1,Краснодарский,1 неделя,2025-11-15
Квартиры,https://www.avito.ru/voronezh/kvartiry/1-k._kvartira_47_m_419_et._7619699943,"1-к. квартира, 47 м², 4/19 эт.",30000,1,47.0,Воронежская,Более 2 месяцев,2025-09-05
Квартиры,https://www.avito.ru/izhevsk/kvartiry/1-k._kvartira_42_m_817_et._7780230328,"1-к. квартира, 42 м², 8/17 эт.",45000,1,42.0,Удмуртская Республика,Более 2 месяцев,2025-12-07
Квартиры,https://www.avito.ru/voronezh/kvartiry/1-k._kvartira_40_m_811_et._7804043293,"1-к. квартира, 40 м², 8/11 эт.",27000,1,40.0,Воронежская,Более 2 месяцев,2025-11-30
Квартиры,https://www.avito.ru/murmanskaya_oblast_zapolyarnyy/kvartiry/1-k._kvartira_33_m_45_et._7356880994,"1-к. квартира, 33 м², 4/5 эт.",13000,1,33.0,Мурманская,1 месяц,2025-05-01
Квартиры,https://www.avito.ru/sankt-peterburg/kvartiry/kvartira-studiya_24_m_820_et._7553356786,"Квартира-студия, 24 м², 8/20 эт.",29000,студия,24.0,Санкт-Петербург,Более 2 месяцев,2025-07-28
Квартиры,https://www.avito.ru/novotroitsk/kvartiry/1-k._kvartira_304_m_55_et._7702671986,"1-к. квартира, 304 м², 5/5 эт.",35000,1,304.0,Оренбургская,1 неделя,2025-09-16
Квартиры,https://www.avito.ru/sochi/kvartiry/kvartira-studiya_31_m_312_et._4225411355,"Квартира-студия, 31 м², 3/12 эт.",36000,студия,31.0,Краснодарский,1 неделя,2024-09-03
Квартиры,https://www.avito.ru/sochi/kvartiry/2-k._kvartira_50_m_46_et._2491731266,"2-к. квартира, 50 м², 4/6 эт.",70000,2,50.0,Краснодарский,1 неделя,2022-07-17
Квартиры,https://www.avito.ru/saratov/kvartiry/3-k._kvartira_85_m_810_et._7285258295,"3-к. квартира, 85 м², 8/10 эт.",70000,3,85.0,Саратовская,Более 2 месяцев,2025-04-08
Квартиры,https://www.avito.ru/volgograd/kvartiry/apartamenty-studiya_35_m_13_et._7672203186,"Апартаменты-студия, 35 м², 1/3 эт.",23900,студия,35.0,Волгоградская,Более 2 месяцев,2025-10-01
Квартиры,https://www.avito.ru/sochi/kvartiry/kvartira-studiya_247_m_23_et._7496432025,"Квартира-студия, 24,7 м², 2/3 эт.",15000,студия,24.7,Краснодарский,1 неделя,2025-08-03
Квартиры,https://www.avito.ru/orel/kvartiry/2-k._kvartira_601_m_510_et._7698206538,"2-к. квартира, 60,1 м², 5/10 эт.",23000,2,60.1,Орловская,1 месяц,2025-10-25
Квартиры,https://www.avito.ru/orenburg/kvartiry/2-k._kvartira_65_m_67_et._7801088322,"2-к. квартира, 65 м², 6/7 эт.",33000,2,65.0,Оренбургская,1 неделя,2025-11-23
Квартиры,https://www.avito.ru/nadym/kvartiry/3-k._kvartira_595_m_12_et._7776173467,"3-к. квартира, 59,5 м², 1/2 эт.",15000,3,59.5,Тюменская,1 месяц,2025-11-03
Квартиры,https://www.avito.ru/asbest/kvartiry/1-k._kvartira_35_m_13_et._7771133208,"1-к. квартира, 35 м², 1/3 эт.",9000,1,35.0,Свердловская,Более 2 месяцев,2025-11-12
Квартиры,https://www.avito.ru/sochi/kvartiry/kvartira-studiya_20_m_33_et._4139493984,"Квартира-студия, 20 м², 3/3 эт.",20000,студия,20.0,Краснодарский,1 месяц,2024-09-06
Квартиры,https://www.avito.ru/sochi/kvartiry/kvartira-studiya_30_m_38_et._1806081702,"Квартира-студия, 30 м², 3/8 эт.",25000,студия,30.0,Краснодарский,1 неделя,2019-09-24
Квартиры,https://www.avito.ru/aldan/kvartiry/1-k._kvartira_40_m_12_et._7356265331,"1-к. квартира, 40 м², 1/2 эт.",35000,1,40.0,Республика Саха (Якутия),Более 2 месяцев,2025-05-07
Квартиры,https://www.avito.ru/sochi/kvartiry/2-k._kvartira_49_m_69_et._680187629,"2-к. квартира, 49 м², 6/9 эт.",48000,2,49.0,Краснодарский,1 неделя,2015-11-16
Квартиры,https://www.avito.ru/groznyy/kvartiry/3-k._kvartira_71_m_55_et._4264510871,"3-к. квартира, 71 м², 5/5 эт.",40000,3,71.0,Чеченская Республика,Более 2 месяцев,2024-11-25
Квартиры,https://www.avito.ru/rostov-na-donu/kvartiry/1-k._kvartira_30_m_26_et._7680665159,"1-к. квартира, 30 м², 2/6 эт.",1000,1,30.0,Ростовская,Более 2 месяцев,2025-09-18
Квартиры,https://www.avito.ru/sochi/kvartiry/2-k._kvartira_44_m_46_et._7558857985,"2-к. квартира, 44 м², 4/6 эт.",70000,2,44.0,Краснодарский,1 неделя,2025-08-07
Квартиры,https://www.avito.ru/mihaylov/kvartiry/1-k._kvartira_286_m_12_et._4460853604,"1-к. квартира, 28,6 м², 1/2 эт.",25000,1,28.6,Рязанская,1 неделя,2025-01-10
Квартиры,https://www.avito.ru/samara/kvartiry/2-k._kvartira_70_m_1112_et._7626993090,"2-к. квартира, 70 м², 11/12 эт.",70000,2,70.0,Самарская,Более 2 месяцев,2025-08-30
Квартиры,https://www.avito.ru/baymak/kvartiry/2-k._kvartira_442_m_12_et._7739909585,"2-к. квартира, 44,2 м², 1/2 эт.",6000,2,44.2,Республика Башкортостан,Более 2 месяцев,2025-10-27
Квартиры,https://www.avito.ru/volokolamsk/kvartiry/1-k._kvartira_40_m_55_et._1174670666,"1-к. квартира, 40 м², 5/5 эт.",55000,1,40.0,Московская,1 неделя,2018-11-30
Квартиры,https://www.avito.ru/mariupol/kvartiry/3-k._kvartira_578_m_29_et._7636941219,"3-к. квартира, 57,8 м², 2/9 эт.",49900,3,57.8,Мариуполь,Более 2 месяцев,2025-10-01
Квартиры,https://www.avito.ru/severodvinsk/kvartiry/2-k._kvartira_48_m_25_et._4439358749,"2-к. квартира, 48 м², 2/5 эт.",25000,2,48.0,Архангельская,1 месяц,2024-12-07
Квартиры,https://www.avito.ru/syzran/kvartiry/3-k._kvartira_538_m_19_et._7559191940,"3-к. квартира, 53,8 м², 1/9 эт.",35000,3,53.8,Самарская,1 месяц,2025-08-28
Квартиры,https://www.avito.ru/kamensk-shahtinskiy/kvartiry/2-k._kvartira_483_m_25_et._7759297828,"2-к. квартира, 48,3 м², 2/5 эт.",30000,2,48.3,Ростовская,1 месяц,2025-11-23
Квартиры,https://www.avito.ru/saransk/kvartiry/2-k._kvartira_702_m_59_et._7296830973,"2-к. квартира, 70,2 м², 5/9 эт.",45000,2,70.2,Республика Мордовия,Более 2 месяцев,2025-04-15
Квартиры,https://www.avito.ru/tolyatti/kvartiry/3-k._kvartira_64_m_610_et._4438977573,"3-к. квартира, 64 м², 6/10 эт.",25000,3,64.0,Самарская,Более 2 месяцев,2024-12-10
Квартиры,https://www.avito.ru/ulyanovsk/kvartiry/2-k._kvartira_60_m_44_et._7760474668,"2-к. квартира, 60 м², 4/4 эт.",25000,2,60.0,Ульяновская,Более 2 месяцев,2025-11-12
Квартиры,https://www.avito.ru/sochi/kvartiry/apartamenty-studiya_346_m_23_et._7676596007,"Апартаменты-студия, 34,6 м², 2/3 эт.",25000,студия,34.6,Краснодарский,1 неделя,2025-09-28
Квартиры,https://www.avito.ru/orsk/kvartiry/2-k._kvartira_50_m_25_et._7801832195,"2-к. квартира, 50 м², 2/5 эт.",29900,2,50.0,Оренбургская,1 неделя,2025-11-23
Квартиры,https://www.avito.ru/murmanskaya_oblast_zapolyarnyy/kvartiry/2-k._kvartira_432_m_55_et._7618243417,"2-к. квартира, 43,2 м², 5/5 эт.",33000,2,43.2,Мурманская,Более 2 месяцев,2025-09-04
Квартиры,https://www.avito.ru/volgograd/kvartiry/1-k._kvartira_38_m_13_et._7736669435,"1-к. квартира, 38 м², 1/3 эт.",23990,1,38.0,Волгоградская,Более 2 месяцев,2025-11-01
Квартиры,https://www.avito.ru/kandalaksha/kvartiry/1-k._kvartira_31_m_25_et._2250298448,"1-к. квартира, 31 м², 2/5 эт.",9000,1,31.0,Мурманская,Более 2 месяцев,2021-09-17
Комнаты,https://www.avito.ru/tomsk/komnaty/koyko-mesto_16_m_13_et._7238303217,"Койко-место 16 м², 1/3 эт.",12000,,16.0,Томская,2 недели,2025-03-21
Комнаты,https://www.avito.ru/volgograd/komnaty/komnata_10_m_v_3-k._12_et._7776007730,"Комната 10 м² в 3-к., 1/2 эт.",7000,3,10.0,Волгоградская,Более 2 месяцев,2025-10-30
Комнаты,https://www.avito.ru/alupka/komnaty/komnata_25_m_23_et._4038396191,"Комната 25 м², 2/3 эт.",15000,,25.0,Республика Крым,Более 2 месяцев,2024-04-21
Комнаты,https://www.avito.ru/moskva/komnaty/koyko-mesto_v_2-k._15_et._7840467259,"Койко-место в 2-к., 1/5 эт.",8000,2,,Москва,1 неделя,2025-12-11
Комнаты,https://www.avito.ru/monino/komnaty/komnata_10_m_23_et._2525886965,"Комната 10 м², 2/3 эт.",16500,,10.0,Московская,1 месяц,2022-10-02
Комнаты,https://www.avito.ru/prokopevsk/komnaty/komnata_15_m_v_1-k._33_et._7603026848,"Комната 15 м² в 1-к., 3/3 эт.",4500,1,15.0,Кемеровская — Кузбасс,Более 2 месяцев,2025-08-17
Комнаты,https://www.avito.ru/sankt-peterburg/komnaty/komnata_25_m_v_3-k._19_et._4457447704,"Комната 25 м² в 3-к., 1/9 эт.",25000,3,25.0,Санкт-Петербург,Более 2 месяцев,2025-01-01
Комнаты,https://www.avito.ru/kaliningrad/komnaty/komnata_6_m_v_2-k._13_et._7737484229,"Комната 6 м² в 2-к., 1/3 эт.",8999,2,6.0,Калининградская,Более 2 месяцев,2025-10-15
Комнаты,https://www.avito.ru/moskva/komnaty/komnata_v_2-k._37_et._7803733705,"Комната в 2-к., 3/7 эт.",8000,2,,Москва,Более 2 месяцев,2025-12-13
Комнаты,https://www.avito.ru/moskovskaya_oblast_moskovskiy/komnaty/koyko-mesto_20_m_v_1-k._39_et._7833671473,"Койко-место 20 м² в 1-к., 3/9 эт.",15,1,20.0,Москва,2 недели,
Комнаты,https://www.avito.ru/ulyanovsk/komnaty/komnata_v_2-k._29_et._7762266358,"Комната в 2-к., 2/9 эт.",9000,2,,Ульяновская,Более 2 месяцев,2025-12-07
Комнаты,https://www.avito.ru/moskva/komnaty/komnata_v_2-k._99_et._7877272505,"Комната в 2-к., 9/9 эт.",100,2,,Москва,2 недели,2025-12-11
Комнаты,https://www.avito.ru/samara/komnaty/koyko-mesto_17_m_v_1-k._22_et._7665096090,"Койко-место 17 м² в 1-к., 2/2 эт.",6000,1,17.0,Самарская,Более 2 месяцев,2025-10-08
Комнаты,https://www.avito.ru/sankt-peterburg/komnaty/komnata_12_m_v_3-k._33_et._7859758483,"Комната 12 м² в 3-к., 3/3 эт.",13000,3,12.0,Санкт-Петербург,1 месяц,2025-12-07
Комнаты,https://www.avito.ru/moskva/komnaty/komnata_18_m_v_3-k._1025_et._2642341029,"Комната 18 м² в 3-к., 10/25 эт.",32000,3,18.0,Москва,Более 2 месяцев,2022-10-26
Комнаты,https://www.avito.ru/chelyabinsk/komnaty/komnata_15_m_v_1-k._19_et._7814314528,"Комната 15 м² в 1-к., 1/9 эт.",15000,1,15.0,Челябинская,Более 2 месяцев,2025-12-11
Комнаты,https://www.avito.ru/sochi/komnaty/komnata_v_2-k._33_et._7794299824,"Комната в 2-к., 3/3 эт.",100,2,,Краснодарский,Более 2 месяцев,2025-12-11
Комнаты,https://www.avito.ru/gelendzhik/komnaty/komnata_6_m_v_9-k._29_et._7682627223,"Комната 6 м² в > 9-к., 2/9 эт.",5000,9,6.0,Краснодарский,1 неделя,2025-10-01
Комнаты,https://www.avito.ru/kaluga/komnaty/komnata_14_m_v_2-k._99_et._7567844672,"Комната 14 м² в 2-к., 9/9 эт.",5000,2,14.0,Калужская,Более 2 месяцев,2025-08-05
Комнаты,https://www.avito.ru/udelnaya/komnaty/komnata_15_m_23_et._7515727423,"Комната 15 м², 2/3 эт.",18000,,15.0,Московская,1 месяц,2025-07-04
Комнаты,https://www.avito.ru/volgograd/komnaty/komnata_17_m_v_2-k._55_et._7885377566,"Комната 17 м² в 2-к., 5/5 эт.",15000,2,17.0,Волгоградская,Более 2 месяцев,2025-11-30
Комнаты,https://www.avito.ru/semenov/komnaty/komnata_20_m_v_2-k._22_et._7705351953,"Комната 20 м² в 2-к., 2/2 эт.",5000,2,20.0,Нижегородская,Более 2 месяцев,2025-10-09
Комнаты,https://www.avito.ru/elizovo/komnaty/komnata_23_m_v_2-k._14_et._7756936768,"Комната 23 м² в 2-к., 1/4 эт.",9000,2,23.0,Камчатский,2 месяца,2025-12-07
Комнаты,https://www.avito.ru/cherkizovo/komnaty/koyko-mesto_18_m_v_3-k._22_et._7752648694,"Койко-место 18 м² в 3-к., 2/2 эт.",10000,3,18.0,Московская,Более 2 месяцев,2025-12-07
Комнаты,https://www.avito.ru/domodedovo/komnaty/komnata_10_m_v_8-k._23_et._7691351407,"Комната 10 м² в 8-к., 2/3 эт.",12500,8,10.0,Московская,1 неделя,2025-10-05
Комнаты,https://www.avito.ru/moskva/komnaty/koyko-mesto_52_m_v_2-k._15_et._7243880423,"Койко-место 52 м² в 2-к., 1/5 эт.",8000,2,52.0,Москва,1 неделя,2025-03-24
Комнаты,https://www.avito.ru/sochi/komnaty/komnata_15_m_v_1-k._22_et._2224175226,"Комната 15 м² в 1-к., 2/2 эт.",17000,1,15.0,Краснодарский,Более 2 месяцев,2021-10-08
Комнаты,https://www.avito.ru/arhangelsk/komnaty/komnata_9_m_v_3-k._13_et._1947677585,"Комната 9 м² в 3-к., 1/3 эт.",12000,3,9.0,Архангельская,1 месяц,2020-06-22
Комнаты,https://www.avito.ru/orel/komnaty/komnata_10_m_v_7-k._12_et._7372171480,"Комната 10 м² в 7-к., 1/2 эт.",3000,7,10.0,Орловская,Более 2 месяцев,2025-05-16
Комнаты,https://www.avito.ru/moskva/komnaty/koyko-mesto_15_m_v_2-k._1212_et._3894590993,"Койко-место 15 м² в 2-к., 12/12 эт.",15000,2,15.0,Москва,Более 2 месяцев,2024-05-23
Комнаты,https://www.avito.ru/sankt-peterburg/komnaty/komnata_18_m_14_et._7645174153,"Комната 18 м², 1/4 эт.",21900,,18.0,Санкт-Петербург,Более 2 месяцев,2025-09-26
Комнаты,https://www.avito.ru/zlatoust/komnaty/komnata_155_m_v_3-k._24_et._3173893036,"Комната 15,5 м² в 3-к., 2/4 эт.",11000,3,15.5,Челябинская,1 месяц,2023-06-12
Комнаты,https://www.avito.ru/moskva/komnaty/koyko-mesto_v_3-k._69_et._7726350343,"Койко-место в 3-к., 6/9 эт.",500,3,,Москва,Более 2 месяцев,2025-11-05
Комнаты,https://www.avito.ru/moskovskaya_oblast_mendeleevo/komnaty/komnata_18_m_v_4-k._23_et._4593235735,"Комната 18 м² в 4-к., 2/3 эт.",10999,4,18.0,Московская,2 недели,2025-02-17
Комнаты,https://www.avito.ru/buynaksk/komnaty/komnata_33_m_v_2-k._11_et._7314094012,"Комната 33 м² в 2-к., 1/1 эт.",6000,2,33.0,Республика Дагестан,1 неделя,2025-04-17
Комнаты,https://www.avito.ru/dedovsk/komnaty/komnata_12_m_v_3-k._11_et._1550625063,"Комната 12 м² в 3-к., 1/1 эт.",10500,3,12.0,Московская,1 месяц,2018-08-23
Комнаты,https://www.avito.ru/kolomna/komnaty/komnata_19_m_v_1-k._11_et._4310648427,"Комната 19 м² в 1-к., 1/1 эт.",10000,1,19.0,Московская,Более 2 месяцев,2024-10-17
Комнаты,https://www.avito.ru/petropavlovsk-kamchatskiy/komnaty/komnata_15_m_v_1-k._14_et._7465668980,"Комната 15 м² в 1-к., 1/4 эт.",25000,1,15.0,Камчатский,2 недели,2025-06-22
Комнаты,https://www.avito.ru/kemerovo/komnaty/koyko-mesto_277_m_v_1-k._19_et._7663950429,"Койко-место 27,7 м² в 1-к., 1/9 эт.",100,1,27.7,Кемеровская — Кузбасс,1 месяц,2025-09-27
Комнаты,https://www.avito.ru/ekaterinburg/komnaty/komnata_12_m_v_5-k._15_et._3305529372,"Комната 12 м² в 5-к., 1/5 эт.",12000,5,12.0,Свердловская,Более 2 месяцев,2023-09-08
Комнаты,https://www.avito.ru/ulyanovsk/komnaty/komnata_13_m_v_5-k._12_et._7733070195,"Комната 13 м² в 5-к., 1/2 эт.",11500,5,13.0,Ульяновская,2 месяца,2025-11-03
Комнаты,https://www.avito.ru/perm/komnaty/komnata_19_m_v_4-k._49_et._7680486821,"Комната 19 м² в 4-к., 4/9 эт.",15550,4,19.0,Пермский,1 неделя,2025-09-23
Комнаты,https://www.avito.ru/krasnoyarsk/komnaty/komnata_12_m_v_1-k._49_et._2741034927,"Комната 12 м² в 1-к., 4/9 эт.",13000,1,12.0,Красноярский,1 неделя,2023-02-03
Комнаты,https://www.avito.ru/rostov-na-donu/komnaty/komnata_18_m_v_8-k._22_et._4297490882,"Комната 18 м² в 8-к., 2/2 эт.",1200,8,18.0,Ростовская,1 месяц,2024-10-23
Комнаты,https://www.avito.ru/himki/komnaty/koyko-mesto_18_m_v_1-k._99_et._7632780866,"Койко-место 18 м² в 1-к., 9/9 эт.",10000,1,18.0,Московская,1 неделя,2025-09-12
Комнаты,https://www.avito.ru/moskva/komnaty/koyko-mesto_15_m_24_et._2894241424,"Койко-место 15 м², 2/4 эт.",8000,,15.0,Москва,Более 2 месяцев,2023-03-24
Комнаты,https://www.avito.ru/petropavlovsk-kamchatskiy/komnaty/komnata_18_m_v_4-k._55_et._4554576809,"Комната 18 м² в 4-к., 5/5 эт.",25000,4,18.0,Камчатский,Более 2 месяцев,2025-02-25
Комнаты,https://www.avito.ru/severodvinsk/komnaty/komnata_17_m_v_9-k._34_et._7821508424,"Комната 17 м² в 9-к., 3/4 эт.",8000,9,17.0,Архангельская,Более 2 месяцев,2025-10-25
Комнаты,https://www.avito.ru/sankt-peterburg/komnaty/komnata_15_m_22_et._7572123570,"Комната 15 м², 2/2 эт.",8000,,15.0,Санкт-Петербург,1 месяц,2025-08-18
Комнаты,https://www.avito.ru/sankt-peterburg/komnaty/komnata_15_m_22_et._7572123570,"Комната 15 м², 2/2 эт.",8000,,15.0,Санкт-Петербург,1 месяц,2025-08-18
Комнаты,https://www.avito.ru/kemerovo/komnaty/komnata_8_m_v_4-k._39_et._7526368179,"Комната 8 м² в 4-к., 3/9 эт.",9000,4,8.0,Кемеровская,Более 2 месяцев,2025-07-31
Комнаты,https://www.avito.ru/chernyahovsk/komnaty/komnata_10_m_v_2-k._11_et._7449697977,"Комната 10 м² в 2-к., 1/1 эт.",3999,2,10.0,Калининградская,Более 2 месяцев,2025-06-11
Комнаты,https://www.avito.ru/rostov-na-donu/komnaty/komnata_18_m_v_8-k._22_et._4297490882,"Комната 18 м² в 8-к., 2/2 эт.",1200,8,18.0,Ростовская,1 месяц,2024-10-23
Комнаты,https://www.avito.ru/perm/komnaty/komnata_19_m_v_4-k._49_et._7680486821,"Комната 19 м² в 4-к., 4/9 эт.",15550,4,19.0,Пермский,1 неделя,2025-09-23
Комнаты,https://www.avito.ru/zubtsov/komnaty/komnata_18_m_v_1-k._22_et._2671226606,"Комната 18 м² в 1-к., 2/2 эт.",15000,1,18.0,Тверская,1 месяц,2022-12-24
Комнаты,https://www.avito.ru/langepas/komnaty/komnata_105_m_v_3-k._35_et._2291275236,"Комната 10,5 м² в 3-к., 3/5 эт.",10000,3,10.5,Тюменская,Более 2 месяцев,2021-11-11
Комнаты,https://www.avito.ru/moskva/komnaty/koyko-mesto_10_m_v_2-k._114_et._2243029538,"Койко-место 10 м² в 2-к., 1/14 эт.",4000,2,10.0,Москва,Более 2 месяцев,2021-11-03
Комнаты,https://www.avito.ru/odintsovo/komnaty/komnata_v_2-k._2222_et._7752285768,"Комната в 2-к., 22/22 эт.",20000,2,,Московская,Более 2 месяцев,2025-12-07
Комнаты,https://www.avito.ru/moskovskaya_oblast_ivanteevka/komnaty/komnata_18_m_v_3-k._33_et._3458068975,"Комната 18 м² в 3-к., 3/3 эт.",16000,3,18.0,Московская,Более 2 месяцев,2023-07-05
Комнаты,https://www.avito.ru/rostov-na-donu/komnaty/komnata_20_m_v_2-k._216_et._4508881020,"Комната 20 м² в 2-к., 2/16 эт.",500,2,20.0,Ростовская,Более 2 месяцев,2024-12-17
Комнаты,https://www.avito.ru/volodarskogo/komnaty/komnata_v_1-k._22_et._7771833166,"Комната в 1-к., 2/2 эт.",100,1,,Московская,Более 2 месяцев,2025-11-30
Комнаты,https://www.avito.ru/malahovka/komnaty/komnata_15_m_13_et._7624438744,"Комната 15 м², 1/3 эт.",7500,,15.0,Московская,2 месяца,2025-10-06
Комнаты,https://www.avito.ru/sverdlovskaya_oblast_berezovskiy/komnaty/komnata_12_m_v_4-k._33_et._4499298345,"Комната 12 м² в 4-к., 3/3 эт.",14000,4,12.0,Свердловская,2 месяца,2024-10-16
Комнаты,https://www.avito.ru/mytischi/komnaty/komnata_15_m_v_3-k._29_et._7375707672,"Комната 15 м² в 3-к., 2/9 эт.",18000,3,15.0,Московская,Более 2 месяцев,2025-05-11
Комнаты,https://www.avito.ru/sochi/komnaty/komnata_18_m_22_et._3492172232,"Комната 18 м², 2/2 эт.",18000,,18.0,Краснодарский,1 неделя,2023-10-05
Комнаты,https://www.avito.ru/lobnya/komnaty/komnata_20_m_v_3-k._23_et._7710597003,"Комната 20 м² в 3-к., 2/3 эт.",22000,3,20.0,Московская,Более 2 месяцев,2025-10-30
Комнаты,https://www.avito.ru/kislovodsk/komnaty/komnata_50_m_v_2-k._12_et._7833762894,"Комната 50 м² в 2-к., 1/2 эт.",40000,2,50.0,Ставропольский,Более 2 месяцев,2025-12-07
Комнаты,https://www.avito.ru/sankt-peterburg/komnaty/koyko-mesto_15_m_19_et._7678617380,"Койко-место 15 м², 1/9 эт.",18000,,15.0,Санкт-Петербург,2 недели,2025-10-27
Комнаты,https://www.avito.ru/sochi/komnaty/komnata_7_m_12_et._1846655594,"Комната 7 м², 1/2 эт.",12000,,7.0,Краснодарский,Более 2 месяцев,2019-11-05
Комнаты,https://www.avito.ru/moskva/komnaty/koyko-mesto_18_m_v_2-k._412_et._3624604311,"Койко-место 18 м² в 2-к., 4/12 эт.",15000,2,18.0,Москва,Более 2 месяцев,2024-02-27
Комнаты,https://www.avito.ru/sochi/komnaty/komnata_14_m_12_et._2141621562,"Комната 14 м², 1/2 эт.",15000,,14.0,Краснодарский,Более 2 месяцев,2021-04-21
Комнаты,https://www.avito.ru/moskva/komnaty/koyko-mesto_24_m_v_4-k._19_et._7403475872,"Койко-место 24 м² в 4-к., 1/9 эт.",16991,4,24.0,Москва,Более 2 месяцев,2025-06-01
Комнаты,https://www.avito.ru/moskva/komnaty/komnata_24_m_v_2-k._817_et._7485018323,"Комната 24 м² в 2-к., 8/17 эт.",36000,2,24.0,Москва,Более 2 месяцев,2025-07-20
Комнаты,https://www.avito.ru/moskva/komnaty/komnata_20_m_v_5-k._1415_et._7581634319,"Комната 20 м² в 5-к., 14/15 эт.",10000,5,20.0,Москва,Более 2 месяцев,2025-08-29
Комнаты,https://www.avito.ru/yaroslavl/komnaty/komnata_16_m_v_2-k._25_et._7740983139,"Комната 16 м² в 2-к., 2/5 эт.",13500,2,16.0,Ярославская,Более 2 месяцев,2025-11-23
Комнаты,https://www.avito.ru/boksitogorsk/komnaty/komnata_15_m_v_3-k._24_et._7728871906,"Комната 15 м² в 3-к., 2/4 эт.",10000,3,15.0,Ленинградская,Более 2 месяцев,2025-10-21
Комнаты,https://www.avito.ru/domodedovo/komnaty/koyko-mesto_15_m_12_et._4820362425,"Койко-место 15 м², 1/2 эт.",11700,,15.0,Московская,1 неделя,2025-03-07
Комнаты,https://www.avito.ru/kraskovo/komnaty/koyko-mesto_61_m_v_2-k._813_et._7495096008,"Койко-место 61 м² в 2-к., 8/13 эт.",6000,2,61.0,Московская,Более 2 месяцев,2025-07-19
Комнаты,https://www.avito.ru/krasnoyarskiy_kray_zheleznogorsk/komnaty/komnata_24_m_12_et._4525990129,"Комната 24 м², 1/2 эт.",8000,,24.0,Красноярский,Более 2 месяцев,2024-11-20
Комнаты,https://www.avito.ru/kotelniki/komnaty/koyko-mesto_12_m_v_3-k._1113_et._7618467377,"Койко-место 12 м² в 3-к., 11/13 эт.",10000,3,12.0,Московская,Более 2 месяцев,2025-08-31
Комнаты,https://www.avito.ru/chelyabinsk/komnaty/komnata_18_m_v_3-k._34_et._7658537558,"Комната 18 м² в 3-к., 3/4 эт.",15005,3,18.0,Челябинская,Более 2 месяцев,2025-09-12
Комнаты,https://www.avito.ru/tomilino/komnaty/komnata_15_m_22_et._1814843762,"Комната 15 м², 2/2 эт.",10000,,15.0,Московская,2 месяца,2019-10-13
Комнаты,https://www.avito.ru/sankt-peterburg/komnaty/komnata_v_3-k._23_et._7844990560,"Комната в 3-к., 2/3 эт.",15000,3,,Санкт-Петербург,Более 2 месяцев,2025-11-23
Комнаты,https://www.avito.ru/inta/komnaty/komnata_45_m_v_2-k._45_et._7694896893,"Комната 45 м² в 2-к., 4/5 эт.",8000,2,45.0,Республика Коми,Более 2 месяцев,2025-10-20
Комнаты,https://www.avito.ru/luga/komnaty/koyko-mesto_24_m_12_et._7741406718,"Койко-место 24 м², 1/2 эт.",600,,24.0,Ленинградская,Более 2 месяцев,2025-11-30
Комнаты,https://www.avito.ru/kurdzhinovo/komnaty/komnata_v_2-k._12_et._7741457343,"Комната в 2-к., 1/2 эт.",15000,2,,Карачаево-Черкесская Республика,Более 2 месяцев,2025-11-23
Комнаты,https://www.avito.ru/zhukovskiy/komnaty/koyko-mesto_25_m_44_et._7598884062,"Койко-место 25 м², 4/4 эт.",500,,25.0,Московская,Более 2 месяцев,2025-08-28
Комнаты,https://www.avito.ru/uzlovaya/komnaty/komnata_18_m_11_et._7693276746,"Комната 18 м², 1/1 эт.",12000,,18.0,Тульская,Более 2 месяцев,2025-09-02
Комнаты,https://www.avito.ru/obninsk/komnaty/komnata_16_m_v_8-k._34_et._4579097042,"Комната 16 м² в 8-к., 3/4 эт.",15000,8,16.0,Калужская,2 месяца,2025-01-27
Комнаты,https://www.avito.ru/moskovskaya_oblast_krasnoznamensk/komnaty/komnata_20_m_v_2-k._22_et._7720147164,"Комната 20 м² в 2-к., 2/2 эт.",30000,2,20.0,Москва,Более 2 месяцев,2025-11-15
Комнаты,https://www.avito.ru/moskva/komnaty/koyko-mesto_18_m_v_3-k._49_et._7627495718,"Койко-место 18 м² в 3-к., 4/9 эт.",16994,3,18.0,Москва,Более 2 месяцев,2025-09-06
Комнаты,https://www.avito.ru/dzerzhinskiy/komnaty/komnata_15_m_v_2-k._69_et._7443154106,"Комната 15 м² в 2-к., 6/9 эт.",20000,2,15.0,Московская,1 неделя,2025-06-06
Комнаты,https://www.avito.ru/moskva/komnaty/komnata_14_m_v_2-k._19_et._7399548365,"Комната 14 м² в 2-к., 1/9 эт.",4000,2,14.0,Москва,Более 2 месяцев,2025-06-11
Комнаты,https://www.avito.ru/sergiev_posad/komnaty/koyko-mesto_17_m_v_1-k._35_et._7885667909,"Койко-место 17 м² в 1-к., 3/5 эт.",2000,1,17.0,Московская,Более 2 месяцев,2025-11-30
Комнаты,https://www.avito.ru/odintsovo/komnaty/komnata_18_m_v_1-k._1314_et._7505917405,"Комната 18 м² в 1-к., 13/14 эт.",5000,1,18.0,Московская,Более 2 месяцев,2025-07-17
Дома,https://www.avito.ru/kosterevo/doma_dachi_kottedzhi/dom_102_m_na_uchastke_20_sot._3844356450,Дом 102 м² на участке 20 сот.,10000,,102.0,Владимирская,Более 2 месяцев,2024-02-21
Дома,https://www.avito.ru/malino/doma_dachi_kottedzhi/dom_60_m_na_uchastke_12_sot._7640433993,Дом 60 м² на участке 12 сот.,1000,,60.0,Московская,1 неделя,2025-09-14
Дома,https://www.avito.ru/krasnodar/doma_dachi_kottedzhi/dom_40_m_na_uchastke_2_sot._3594731377,Дом 40 м² на участке 2 сот.,20000,,40.0,Краснодарский,Более 2 месяцев,2024-01-27
Дома,https://www.avito.ru/toksovo/doma_dachi_kottedzhi/dacha_90_m_na_uchastke_9_sot._2213958915,Дача 90 м² на участке 9 сот.,50000,,90.0,Ленинградская,1 месяц,2021-09-26
Дома,https://www.avito.ru/sankt-peterburg_peterhof/doma_dachi_kottedzhi/dom_42_m_na_uchastke_10_sot._7780302228,Дом 42 м² на участке 10 сот.,30000,,42.0,Ленинградская,Более 2 месяцев,2025-12-07
Дома,https://www.avito.ru/eysk/doma_dachi_kottedzhi/dom_55_m_na_uchastke_25_sot._7859094559,Дом 55 м² на участке 25 сот.,1,,55.0,Краснодарский,2 месяца,2025-12-11
Дома,https://www.avito.ru/novokuznetsk/doma_dachi_kottedzhi/dom_30_m_na_uchastke_10_sot._7917478172,Дом 30 м² на участке 10 сот.,100,,30.0,Кемеровская — Кузбасс,Более 2 месяцев,2025-12-11
Дома,https://www.avito.ru/lihoslavl/doma_dachi_kottedzhi/dom_50_m_na_uchastke_30_sot._7704398843,Дом 50 м² на участке 30 сот.,1000,,50.0,Тверская,Более 2 месяцев,2025-10-10
Дома,https://www.avito.ru/malahovka/doma_dachi_kottedzhi/dom_50_m_na_uchastke_35_sot._1843291089,"Дом 50 м² на участке 3,5 сот.",40000,,50.0,Московская,Более 2 месяцев,2019-11-02
Дома,https://www.avito.ru/sochi/doma_dachi_kottedzhi/dom_765_m_na_uchastke_68_sot._4313394995,"Дом 76,5 м² на участке 6,8 сот.",40000,,76.5,Краснодарский,1 неделя,2024-10-02
Дома,https://www.avito.ru/krasnodar/doma_dachi_kottedzhi/dacha_62_m_na_uchastke_4_sot._1845112511,Дача 62 м² на участке 4 сот.,10000,,62.0,Краснодарский,Более 2 месяцев,2019-11-21
Дома,https://www.avito.ru/vologda/doma_dachi_kottedzhi/dacha_30_m_na_uchastke_8_sot._2419272667,Дача 30 м² на участке 8 сот.,6000,,30.0,Вологодская,2 месяца,2022-04-23
Дома,https://www.avito.ru/leningradskaya_oblast_primorsk/doma_dachi_kottedzhi/dom_42_m_na_uchastke_136_sot._2814370728,"Дом 42 м² на участке 13,6 сот.",34900,,42.0,Ленинградская,1 месяц,2023-03-20
Дома,https://www.avito.ru/rylsk/doma_dachi_kottedzhi/dom_48_m_na_uchastke_15_sot._3954621906,Дом 48 м² на участке 15 сот.,1000,,48.0,Курская,Более 2 месяцев,2024-03-24
Дома,https://www.avito.ru/sochi/doma_dachi_kottedzhi/dom_27_m_na_uchastke_4_sot._7685310074,Дом 27 м² на участке 4 сот.,25000,,27.0,Краснодарский,Более 2 месяцев,2025-09-20
Дома,https://www.avito.ru/derbent/doma_dachi_kottedzhi/dom_45_m_na_uchastke_4_ga_1462278916,Дом 45 м² на участке 4 га,10000,,45.0,Республика Дагестан,Более 2 месяцев,2018-09-16
Дома,https://www.avito.ru/luga/doma_dachi_kottedzhi/dom_38_m_na_uchastke_3_sot._7768288779,Дом 38 м² на участке 3 сот.,1000,,38.0,Ленинградская,Более 2 месяцев,2025-11-13
Дома,https://www.avito.ru/mahachkala/doma_dachi_kottedzhi/dom_320_m_na_uchastke_2_sot._7537580750,Дом 320 м² на участке 2 сот.,200000,,320.0,Республика Дагестан,1 неделя,2025-08-16
Дома,https://www.avito.ru/dmitrievskoe/doma_dachi_kottedzhi/dom_827_m_na_uchastke_15_sot._7431350595,"Дом 82,7 м² на участке 15 сот.",5000,,82.7,Ставропольский,Более 2 месяцев,2025-06-22
Дома,https://www.avito.ru/leskolovo/doma_dachi_kottedzhi/dom_35_m_na_uchastke_67_sot._7359406294,"Дом 35 м² на участке 6,7 сот.",50000,,35.0,Ленинградская,1 месяц,2025-05-11
Дома,https://www.avito.ru/zelenogradsk/doma_dachi_kottedzhi/dom_50_m_na_uchastke_6_sot._7566479491,Дом 50 м² на участке 6 сот.,25000,,50.0,Калининградская,Более 2 месяцев,2025-08-16
Дома,https://www.avito.ru/ob/doma_dachi_kottedzhi/dom_120_m_na_uchastke_5_sot._7765481857,Дом 120 м² на участке 5 сот.,50000,,120.0,Новосибирская,Более 2 месяцев,2025-11-13
Дома,https://www.avito.ru/stavropolskiy_kray_zavetnoe/doma_dachi_kottedzhi/dom_80_m_na_uchastke_100_sot._3474702020,Дом 80 м² на участке 100 сот.,3000,,80.0,Краснодарский,Более 2 месяцев,2023-09-07
Дома,https://www.avito.ru/kokoshkino/doma_dachi_kottedzhi/dom_175_m_na_uchastke_6_sot._4334390602,Дом 175 м² на участке 6 сот.,19000,,175.0,Москва,Более 2 месяцев,2024-09-07
Дома,https://www.avito.ru/kirsanov/doma_dachi_kottedzhi/dom_664_m_na_uchastke_40_sot._7381426138,"Дом 66,4 м² на участке 40 сот.",10000,,66.4,Тамбовская,Более 2 месяцев,2025-05-11
Дома,https://www.avito.ru/hanskaya/doma_dachi_kottedzhi/kottedzh_30_m_na_uchastke_21_sot._1016759110,Коттедж 30 м² на участке 21 сот.,19500,,30.0,Республика Адыгея (Адыгея),Более 2 месяцев,2017-12-18
Дома,https://www.avito.ru/novopetrovskoe/doma_dachi_kottedzhi/dom_100_m_na_uchastke_24_sot._2265833857,Дом 100 м² на участке 24 сот.,31000,,100.0,Московская,1 месяц,2021-11-20
Дома,https://www.avito.ru/perm/doma_dachi_kottedzhi/dom_300_m_na_uchastke_14_sot._4406215776,Дом 300 м² на участке 14 сот.,150000,,300.0,Пермский,Более 2 месяцев,2024-12-13
Дома,https://www.avito.ru/vologda/doma_dachi_kottedzhi/dom_50_m_na_uchastke_35_sot._7474130075,"Дом 50 м² на участке 3,5 сот.",15000,,50.0,Вологодская,Более 2 месяцев,2025-07-09
Дома,https://www.avito.ru/gubkinskiy/doma_dachi_kottedzhi/dom_740_m_na_uchastke_4_sot._4508775575,Дом 740 м² на участке 4 сот.,170000,,740.0,Тюменская,Более 2 месяцев,2024-12-22
Дома,https://www.avito.ru/mishelevka/doma_dachi_kottedzhi/dom_16_m_na_uchastke_10_sot._4597489427,Дом 16 м² на участке 10 сот.,5000,,16.0,Иркутская,1 неделя,2025-03-08
Дома,https://www.avito.ru/konakovo/doma_dachi_kottedzhi/kottedzh_150_m_na_uchastke_8_sot._7756882584,Коттедж 150 м² на участке 8 сот.,25000,,150.0,Тверская,Более 2 месяцев,2025-11-30
Дома,https://www.avito.ru/moskovskaya_oblast_krasnogorsk/doma_dachi_kottedzhi/dom_72_m_na_uchastke_6_sot._4399807108,Дом 72 м² на участке 6 сот.,72000,,72.0,Московская,Более 2 месяцев,2024-09-26
Дома,https://www.avito.ru/pochep/doma_dachi_kottedzhi/dom_522_m_na_uchastke_633_sot._7707053018,"Дом 52,2 м² на участке 63,3 сот.",10000,,52.2,Брянская,1 месяц,2025-10-09
Дома,https://www.avito.ru/tomilino/doma_dachi_kottedzhi/dom_30_m_na_uchastke_3_sot._3555793937,Дом 30 м² на участке 3 сот.,35000,,30.0,Московская,1 неделя,2023-10-25
Дома,https://www.avito.ru/krasnodar/doma_dachi_kottedzhi/dom_240_m_na_uchastke_6_sot._7677182873,Дом 240 м² на участке 6 сот.,65000,,240.0,Краснодарский,Более 2 месяцев,2025-10-12
Дома,https://www.avito.ru/dmitrov/doma_dachi_kottedzhi/dom_120_m_na_uchastke_75_sot._7760486479,"Дом 120 м² на участке 7,5 сот.",37600,,120.0,Московская,2 месяца,2025-11-06
Дома,https://www.avito.ru/velikiy_ustyug/doma_dachi_kottedzhi/dom_64_m_na_uchastke_15_sot._3712270584,Дом 64 м² на участке 15 сот.,35000,,64.0,Вологодская,1 неделя,2024-02-16
Дома,https://www.avito.ru/rostovskaya_oblast_nikolaevka/doma_dachi_kottedzhi/dom_55_m_na_uchastke_50_sot._557541057,Дом 55 м² на участке 50 сот.,100,,55.0,Ростовская,Более 2 месяцев,2015-04-23
Дома,https://www.avito.ru/alupka/doma_dachi_kottedzhi/kottedzh_32_m_na_uchastke_3_sot._3397969528,Коттедж 32 м² на участке 3 сот.,25000,,32.0,Севастополь,Более 2 месяцев,2023-08-23
Дома,https://www.avito.ru/sysert/doma_dachi_kottedzhi/dom_76_m_na_uchastke_8_sot._7803961980,Дом 76 м² на участке 8 сот.,10000,,76.0,Свердловская,1 месяц,2025-11-30
Дома,https://www.avito.ru/noginsk/doma_dachi_kottedzhi/dom_70_m_na_uchastke_5_sot._4576855350,Дом 70 м² на участке 5 сот.,80000,,70.0,Московская,1 неделя,2025-01-28
Дома,https://www.avito.ru/belyy/doma_dachi_kottedzhi/dom_70_m_na_uchastke_50_sot._4095865128,Дом 70 м² на участке 50 сот.,500,,70.0,Тверская,Более 2 месяцев,2024-07-13
Дома,https://www.avito.ru/ufa/doma_dachi_kottedzhi/kottedzh_130_m_na_uchastke_6_sot._7656675221,Коттедж 130 м² на участке 6 сот.,40000,,130.0,Республика Башкортостан,Более 2 месяцев,2025-10-23
Дома,https://www.avito.ru/prokopevsk/doma_dachi_kottedzhi/dom_56_m_na_uchastke_15_sot._2206003580,Дом 56 м² на участке 15 сот.,1000,,56.0,Кемеровская — Кузбасс,Более 2 месяцев,2021-09-28
Дома,https://www.avito.ru/domodedovo/doma_dachi_kottedzhi/dom_120_m_na_uchastke_7_sot._7803289048,Дом 120 м² на участке 7 сот.,20000,,120.0,Московская,1 месяц,2025-12-07
Дома,https://www.avito.ru/rzhev/doma_dachi_kottedzhi/dom_50_m_na_uchastke_17_sot._1966148991,Дом 50 м² на участке 17 сот.,5000,,50.0,Тверская,Более 2 месяцев,2020-06-29
Дома,https://www.avito.ru/olenino/doma_dachi_kottedzhi/dom_70_m_na_uchastke_30_sot._7692304234,Дом 70 м² на участке 30 сот.,2000,,70.0,Тверская,Более 2 месяцев,2025-10-24
Дома,https://www.avito.ru/novosergievka/doma_dachi_kottedzhi/dom_85_m_na_uchastke_10_sot._7329916349,Дом 85 м² на участке 10 сот.,2500,,85.0,Оренбургская,1 неделя,2025-04-24
Дома,https://www.avito.ru/kostomuksha/doma_dachi_kottedzhi/dom_80_m_na_uchastke_8_sot._2643054491,Дом 80 м² на участке 8 сот.,30000,,80.0,Республика Карелия,2 месяца,2022-11-10
Дома,https://www.avito.ru/kursk/doma_dachi_kottedzhi/dom_62_m_na_uchastke_2_sot._4162607415,Дом 62 м² на участке 2 сот.,28000,,62.0,Курская,1 неделя,2024-08-20
Дома,https://www.avito.ru/rzhev/doma_dachi_kottedzhi/dom_50_m_na_uchastke_17_sot._1966148991,Дом 50 м² на участке 17 сот.,5000,,50.0,Тверская,Более 2 месяцев,2020-06-29
Дома,https://www.avito.ru/atyashevo/doma_dachi_kottedzhi/dom_60_m_na_uchastke_50_sot._7392210010,Дом 60 м² на участке 50 сот.,10000,,60.0,Республика Мордовия,Более 2 месяцев,2025-05-31
Дома,https://www.avito.ru/krasnodar/doma_dachi_kottedzhi/dom_240_m_na_uchastke_6_sot._7677182873,Дом 240 м² на участке 6 сот.,65000,,240.0,Краснодарский,Более 2 месяцев,2025-10-12
Дома,https://www.avito.ru/mariupol/doma_dachi_kottedzhi/taunhaus_47_m_na_uchastke_2_sot._3733320542,Таунхаус 47 м² на участке 2 сот.,49900,,47.0,Мариупольская городская община,Более 2 месяцев,2024-04-11
Дома,https://www.avito.ru/sankt-peterburg_peterhof/doma_dachi_kottedzhi/dom_42_m_na_uchastke_10_sot._7780302228,Дом 42 м² на участке 10 сот.,30000,,42.0,Ленинградская,Более 2 месяцев,2025-12-07
Дома,https://www.avito.ru/simferopol/doma_dachi_kottedzhi/dom_38_m_na_uchastke_1_sot._7613128108,Дом 38 м² на участке 1 сот.,18000,,38.0,Республика Крым,Более 2 месяцев,2025-09-19
Дома,https://www.avito.ru/bolsheustikinskoe/doma_dachi_kottedzhi/dom_80_m_na_uchastke_27_sot._3942047995,Дом 80 м² на участке 27 сот.,100,,80.0,Свердловская,Более 2 месяцев,2024-03-13
Дома,https://www.avito.ru/noginsk/doma_dachi_kottedzhi/dom_70_m_na_uchastke_5_sot._4576855350,Дом 70 м² на участке 5 сот.,80000,,70.0,Московская,1 неделя,2025-01-28
Дома,https://www.avito.ru/prokopevsk/doma_dachi_kottedzhi/dom_56_m_na_uchastke_15_sot._2206003580,Дом 56 м² на участке 15 сот.,1000,,56.0,Кемеровская — Кузбасс,Более 2 месяцев,2021-09-28
Дома,https://www.avito.ru/kaluzhskaya_oblast_kirov/doma_dachi_kottedzhi/dom_137_m_na_uchastke_31_sot._7782590090,Дом 137 м² на участке 31 сот.,5000,,137.0,Калужская,Более 2 месяцев,2025-11-30
Дома,https://www.avito.ru/lipetskaya_oblast_donskoe/doma_dachi_kottedzhi/dom_45_m_na_uchastke_21_sot._7487622023,Дом 45 м² на участке 21 сот.,1000,,45.0,Липецкая,2 месяца,2025-06-23
Дома,https://www.avito.ru/sankt-peterburg_pavlovsk/doma_dachi_kottedzhi/dom_25_m_na_uchastke_1_sot._7268146496,Дом 25 м² на участке 1 сот.,20000,,25.0,Санкт-Петербург,Более 2 месяцев,2025-03-31
Дома,https://www.avito.ru/essentuki/doma_dachi_kottedzhi/dom_100_m_na_uchastke_5_sot._4491415114,Дом 100 м² на участке 5 сот.,25000,,100.0,Ставропольский,Более 2 месяцев,2025-01-23
Дома,https://www.avito.ru/pychas/doma_dachi_kottedzhi/dom_658_m_na_uchastke_22_sot._7347076123,"Дом 65,8 м² на участке 22 сот.",3000,,65.8,Удмуртская Республика,Более 2 месяцев,2025-04-26
Дома,https://www.avito.ru/elektrogorsk/doma_dachi_kottedzhi/dom_142_m_na_uchastke_25_sot._7590738277,Дом 142 м² на участке 25 сот.,50000,,142.0,Московская,1 неделя,2025-08-26
Дома,https://www.avito.ru/voyvozh/doma_dachi_kottedzhi/dom_36_m_na_uchastke_33_sot._3631176953,Дом 36 м² на участке 33 сот.,10000,,36.0,Республика Коми,Более 2 месяцев,2023-12-23
Дома,https://www.avito.ru/novosibirsk/doma_dachi_kottedzhi/dacha_40_m_na_uchastke_6_sot._2460778263,Дача 40 м² на участке 6 сот.,15800,,40.0,Новосибирская,1 неделя,2022-06-26
Дома,https://www.avito.ru/ershichi/doma_dachi_kottedzhi/dacha_70_m_na_uchastke_45_sot._4197671795,Дача 70 м² на участке 45 сот.,5000,,70.0,Смоленская,Более 2 месяцев,2024-06-17
Дома,https://www.avito.ru/barda/doma_dachi_kottedzhi/kottedzh_100_m_na_uchastke_5_sot._2322861935,Коттедж 100 м² на участке 5 сот.,50000,,100.0,Пермский,Более 2 месяцев,2021-12-27
Дома,https://www.avito.ru/volgograd/doma_dachi_kottedzhi/kottedzh_200_m_na_uchastke_1_sot._3171347946,Коттедж 200 м² на участке 1 сот.,30000,,200.0,Волгоградская,Более 2 месяцев,2023-07-19
Дома,https://www.avito.ru/lev_tolstoy/doma_dachi_kottedzhi/dom_50_m_na_uchastke_36_sot._7259310397,Дом 50 м² на участке 36 сот.,5000,,50.0,Липецкая,Более 2 месяцев,2025-03-24
Дома,https://www.avito.ru/vorovskogo/doma_dachi_kottedzhi/dacha_87_m_na_uchastke_6_sot._4729529116,Дача 87 м² на участке 6 сот.,53000,,87.0,Московская,Более 2 месяцев,2024-12-29
Дома,https://www.avito.ru/sokolovskoe/doma_dachi_kottedzhi/dom_39_m_na_uchastke_5_sot._4004431752,Дом 39 м² на участке 5 сот.,5000,,39.0,Краснодарский,Более 2 месяцев,2024-04-25
Дома,https://www.avito.ru/pankrushiha/doma_dachi_kottedzhi/dom_50_m_na_uchastke_10_sot._7463603895,Дом 50 м² на участке 10 сот.,5000,,50.0,Алтайский,Более 2 месяцев,2025-07-12
Дома,https://www.avito.ru/ladozhskoye_ozero/doma_dachi_kottedzhi/dom_160_m_na_uchastke_11_sot._3737348812,Дом 160 м² на участке 11 сот.,110000,,160.0,Ленинградская,1 неделя,2024-02-26
Дома,https://www.avito.ru/klin/doma_dachi_kottedzhi/dacha_40_m_na_uchastke_6_sot._3349840322,Дача 40 м² на участке 6 сот.,14000,,40.0,Московская,1 неделя,2023-10-07
Дома,https://www.avito.ru/novospasskoe/doma_dachi_kottedzhi/dom_60_m_na_uchastke_6_sot._4235294580,Дом 60 м² на участке 6 сот.,15000,,60.0,Ульяновская,Более 2 месяцев,2024-10-08
Дома,https://www.avito.ru/nizhegorodskaya_oblast_ardatov/doma_dachi_kottedzhi/dom_65_m_na_uchastke_28_sot._7760512445,Дом 65 м² на участке 28 сот.,10000,,65.0,Нижегородская,Более 2 месяцев,2025-11-23
Дома,https://www.avito.ru/kaluzhskaya_oblast_kirov/doma_dachi_kottedzhi/dom_40_m_na_uchastke_1_sot._7494208765,Дом 40 м² на участке 1 сот.,15000,,40.0,Калужская,1 месяц,2025-07-16
Дома,https://www.avito.ru/amurskaya_oblast_blagoveschensk/doma_dachi_kottedzhi/dom_12_m_na_uchastke_1_sot._3286220451,Дом 12 м² на участке 1 сот.,5000,,12.0,Амурская,Более 2 месяцев,2023-09-12
Дома,https://www.avito.ru/vysotskoe/doma_dachi_kottedzhi/dom_57_m_na_uchastke_30_sot._4250410532,Дом 57 м² на участке 30 сот.,1000,,57.0,Ставропольский,Более 2 месяцев,2024-07-03
Дома,https://www.avito.ru/atyashevo/doma_dachi_kottedzhi/dom_50_m_na_uchastke_20_sot._7478318823,Дом 50 м² на участке 20 сот.,10000,,50.0,Республика Мордовия,Более 2 месяцев,2025-06-07
Дома,https://www.avito.ru/novokuznetsk/doma_dachi_kottedzhi/dom_36_m_na_uchastke_6_sot._3636915482,Дом 36 м² на участке 6 сот.,10000,,36.0,Кемеровская — Кузбасс,Более 2 месяцев,2024-03-08
Дома,https://www.avito.ru/derbent/doma_dachi_kottedzhi/dom_50_m_na_uchastke_5_sot._7601252439,Дом 50 м² на участке 5 сот.,30000,,50.0,Республика Дагестан,1 неделя,2025-09-03
Дома,https://www.avito.ru/krasnyy_gulyay/doma_dachi_kottedzhi/dom_52_m_na_uchastke_15_sot._4218575212,Дом 52 м² на участке 15 сот.,10000,,52.0,Ульяновская,1 неделя,2024-07-11
Дома,https://www.avito.ru/sevastopol/doma_dachi_kottedzhi/dom_131_m_na_uchastke_2_sot._7278091755,Дом 131 м² на участке 2 сот.,80000,,131.0,Севастополь,Более 2 месяцев,2025-04-10
Дома,https://www.avito.ru/grushevskaya/doma_dachi_kottedzhi/dom_453_m_na_uchastke_3_sot._4498990979,"Дом 45,3 м² на участке 3 сот.",15000,,45.3,Ростовская,Более 2 месяцев,2024-10-16
Дома,https://www.avito.ru/novoanninskiy/doma_dachi_kottedzhi/dom_80_m_na_uchastke_5_sot._7789180842,Дом 80 м² на участке 5 сот.,1500,,80.0,Волгоградская,1 неделя,2025-10-09
Дома,https://www.avito.ru/shahty/doma_dachi_kottedzhi/dom_80_m_na_uchastke_3_sot._3859927351,Дом 80 м² на участке 3 сот.,20000,,80.0,Ростовская,Более 2 месяцев,2024-03-05
Дома,https://www.avito.ru/moskovskaya_oblast_krasnoznamensk/doma_dachi_kottedzhi/dom_44_m_na_uchastke_5_sot._7511308723,Дом 44 м² на участке 5 сот.,38000,,44.0,Московская,Более 2 месяцев,2025-06-29
Дома,https://www.avito.ru/ust-dzheguta/doma_dachi_kottedzhi/dom_48_m_na_uchastke_40_sot._4175699596,Дом 48 м² на участке 40 сот.,10000,,48.0,Карачаево-Черкесская Республика,Более 2 месяцев,2024-07-02
Дома,https://www.avito.ru/talinka/doma_dachi_kottedzhi/dom_54_m_na_uchastke_9_ga_1869554179,Дом 54 м² на участке 9 га,15000,,54.0,Тюменская,Более 2 месяцев,2020-01-24
Дома,https://www.avito.ru/supseh/doma_dachi_kottedzhi/dom_100_m_na_uchastke_5_sot._2536478210,Дом 100 м² на участке 5 сот.,60000,,100.0,Краснодарский,1 неделя,2022-08-29
Дома,https://www.avito.ru/ivanovo/doma_dachi_kottedzhi/dom_50_m_na_uchastke_6_sot._4302332334,Дом 50 м² на участке 6 сот.,20000,,50.0,Ивановская,1 месяц,2024-09-01
Дома,https://www.avito.ru/poshehone/doma_dachi_kottedzhi/dom_50_m_na_uchastke_70_sot._1934073457,Дом 50 м² на участке 70 сот.,1,,50.0,Ярославская,Более 2 месяцев,2020-06-25
Дома,https://www.avito.ru/luga/doma_dachi_kottedzhi/kottedzh_96_m_na_uchastke_25_sot._1144686029,Коттедж 96 м² на участке 25 сот.,65000,,96.0,Ленинградская,1 месяц,2017-06-24
Дома,https://www.avito.ru/tulskaya_oblast_yasnogorsk/doma_dachi_kottedzhi/kottedzh_145_m_na_uchastke_20_sot._2005227248,Коттедж 145 м² на участке 20 сот.,45000,,145.0,Тульская,Более 2 месяцев,2020-10-12
Дома,https://www.avito.ru/devitsa/doma_dachi_kottedzhi/dom_200_m_na_uchastke_20_sot._2873703137,Дом 200 м² на участке 20 сот.,30000,,200.0,Воронежская,2 недели,2023-03-28
Дома,https://www.avito.ru/hvastovichi/doma_dachi_kottedzhi/dom_45_m_na_uchastke_30_sot._7234059884,Дом 45 м² на участке 30 сот.,15000,,45.0,Калужская,Более 2 месяцев,2025-03-24
Дома,https://www.avito.ru/goryachiy_klyuch/doma_dachi_kottedzhi/dom_56_m_na_uchastke_32_sot._4613374398,Дом 56 м² на участке 32 сот.,100,,56.0,Краснодарский,Более 2 месяцев,2025-01-18
Дома,https://www.avito.ru/nevel/doma_dachi_kottedzhi/dom_30_m_na_uchastke_90_sot._4172656012,Дом 30 м² на участке 90 сот.,10000,,30.0,Псковская,Более 2 месяцев,2024-09-11
Дома,https://www.avito.ru/sochi/doma_dachi_kottedzhi/dom_170_m_na_uchastke_6_sot._4621980928,Дом 170 м² на участке 6 сот.,25000,,170.0,Краснодарский,Более 2 месяцев,2025-01-09
Дома,https://www.avito.ru/ulyanovka/doma_dachi_kottedzhi/dom_65_m_na_uchastke_5_sot._7437427907,Дом 65 м² на участке 5 сот.,30000,,65.0,Ленинградская,1 неделя,2025-05-29
Дома,https://www.avito.ru/lodeynoe_pole/doma_dachi_kottedzhi/dom_110_m_na_uchastke_9_sot._3966660306,Дом 110 м² на участке 9 сот.,60000,,110.0,Ленинградская,1 месяц,2024-06-25
Дома,https://www.avito.ru/lytkarino/doma_dachi_kottedzhi/dom_90_m_na_uchastke_20_sot._7623510718,Дом 90 м² на участке 20 сот.,50000,,90.0,Московская,1 месяц,2025-09-28
Дома,https://www.avito.ru/staryy_oskol/doma_dachi_kottedzhi/dom_200_m_na_uchastke_10_sot._7765537313,Дом 200 м² на участке 10 сот.,55000,,200.0,Белгородская,1 неделя,2025-11-11
Дома,https://www.avito.ru/irkutsk/doma_dachi_kottedzhi/dacha_16_m_na_uchastke_12_ga_7626804007,Дача 16 м² на участке 12 га,350,,16.0,Иркутская,1 неделя,2025-08-25
Дома,https://www.avito.ru/moskva_zelenograd/doma_dachi_kottedzhi/dom_100_m_na_uchastke_20_sot._7652866457,Дом 100 м² на участке 20 сот.,81000,,100.0,Московская,1 месяц,2025-09-20
Дома,https://www.avito.ru/myski/doma_dachi_kottedzhi/kottedzh_150_m_na_uchastke_11_sot._2687909857,Коттедж 150 м² на участке 11 сот.,65000,,150.0,Кемеровская — Кузбасс,1 неделя,2022-11-28
Дома,https://www.avito.ru/perm/doma_dachi_kottedzhi/dom_28_m_na_uchastke_4_sot._7566674616,Дом 28 м² на участке 4 сот.,25000,,28.0,Пермский,Более 2 месяцев,2025-08-15
Дома,https://www.avito.ru/sankt-peterburg/doma_dachi_kottedzhi/taunhaus_63_m_na_uchastke_2_sot._2302530609,Таунхаус 63 м² на участке 2 сот.,89250,,63.0,Ленинградская,1 неделя,2022-02-22
Дома,https://www.avito.ru/varna/doma_dachi_kottedzhi/dom_80_m_na_uchastke_10_sot._7466823286,Дом 80 м² на участке 10 сот.,15000,,80.0,Челябинская,Более 2 месяцев,2025-06-14
Дома,https://www.avito.ru/mayma/doma_dachi_kottedzhi/dacha_100_m_na_uchastke_30_sot._7773163974,Дача 100 м² на участке 30 сот.,20000,,100.0,Алтайский,Более 2 месяцев,2025-12-07
Дома,https://www.avito.ru/veydelevka/doma_dachi_kottedzhi/dom_60_m_na_uchastke_35_sot._4440180788,Дом 60 м² на участке 35 сот.,9000,,60.0,Белгородская,Более 2 месяцев,2024-09-10
Дома,https://www.avito.ru/divnomorskoe/doma_dachi_kottedzhi/dom_60_m_na_uchastke_6_sot._3867825871,Дом 60 м² на участке 6 сот.,45000,,60.0,Краснодарский,Более 2 месяцев,2024-04-15
Дома,https://www.avito.ru/belyaevka/doma_dachi_kottedzhi/dom_52_m_na_uchastke_8_sot._4555827478,Дом 52 м² на участке 8 сот.,1000,,52.0,Оренбургская,Более 2 месяцев,2024-09-02
Дома,https://www.avito.ru/krasnodar/doma_dachi_kottedzhi/dom_70_m_na_uchastke_3_sot._2464617680,Дом 70 м² на участке 3 сот.,39900,,70.0,Краснодарский,Более 2 месяцев,2022-06-22
Дома,https://www.avito.ru/kusa/doma_dachi_kottedzhi/dom_100_m_na_uchastke_1_sot._2368987428,Дом 100 м² на участке 1 сот.,30000,,100.0,Челябинская,Более 2 месяцев,2022-03-17
Дома,https://www.avito.ru/ropsha/doma_dachi_kottedzhi/dacha_40_m_na_uchastke_12_sot._7411210453,Дача 40 м² на участке 12 сот.,10000,,40.0,Ленинградская,Более 2 месяцев,2025-05-20
Дома,https://www.avito.ru/yaroslavl/doma_dachi_kottedzhi/dom_120_m_na_uchastke_20_sot._3077403876,Дом 120 м² на участке 20 сот.,55000,,120.0,Ярославская,Более 2 месяцев,2023-05-21
Дома,https://www.avito.ru/ivanovskaya_oblast_shuya/doma_dachi_kottedzhi/dom_300_m_na_uchastke_18_sot._7564530764,Дом 300 м² на участке 18 сот.,30000,,300.0,Ивановская,Более 2 месяцев,2025-08-21
Дома,https://www.avito.ru/alagir/doma_dachi_kottedzhi/dacha_200_m_na_uchastke_7_sot._3754974594,Дача 200 м² на участке 7 сот.,20000,,200.0,Республика Северная Осетия — Алагирский,1 месяц,2024-04-08
Дома,https://www.avito.ru/sochi/doma_dachi_kottedzhi/dom_50_m_na_uchastke_6_sot._7493725739,Дом 50 м² на участке 6 сот.,110000,,50.0,Краснодарский,Более 2 месяцев,2025-06-23
Дома,https://www.avito.ru/dzhankoy/doma_dachi_kottedzhi/dom_45_m_na_uchastke_15_sot._7448652703,Дом 45 м² на участке 15 сот.,15000,,45.0,Республика Крым,Более 2 месяцев,2025-06-05
Дома,https://www.avito.ru/rechitsy/doma_dachi_kottedzhi/dacha_180_m_na_uchastke_10_sot._7381936422,Дача 180 м² на участке 10 сот.,55000,,180.0,Московская,1 месяц,2025-05-21
Дома,https://www.avito.ru/buzuluk/doma_dachi_kottedzhi/dom_200_m_na_uchastke_20_sot._1501744721,Дом 200 м² на участке 20 сот.,10000,,200.0,Оренбургская,Более 2 месяцев,2018-03-28
Дома,https://www.avito.ru/volgograd/doma_dachi_kottedzhi/dom_40_m_na_uchastke_4_sot._7300993496,Дом 40 м² на участке 4 сот.,70000,,40.0,Волгоградская,Более 2 месяцев,2025-04-20
Дома,https://www.avito.ru/shahovskaya/doma_dachi_kottedzhi/dom_120_m_na_uchastke_16_sot._7499149483,Дом 120 м² на участке 16 сот.,75000,,120.0,Московская,Более 2 месяцев,2025-07-13
Дома,https://www.avito.ru/amurskaya_oblast_svobodnyy/doma_dachi_kottedzhi/kottedzh_220_m_na_uchastke_17_sot._3956471558,Коттедж 220 м² на участке 17 сот.,80000,,220.0,Амурская,Более 2 месяцев,2024-04-07
Дома,https://www.avito.ru/pogar/doma_dachi_kottedzhi/dom_52_m_na_uchastke_28_sot._3043704171,Дом 52 м² на участке 28 сот.,5000,,52.0,Брянская,2 месяца,2023-06-18
Дома,https://www.avito.ru/luga/doma_dachi_kottedzhi/kottedzh_64_m_na_uchastke_80_sot._4603444409,Коттедж 64 м² на участке 80 сот.,40000,,64.0,Ленинградская,1 месяц,2024-11-23
Дома,https://www.avito.ru/pechory/doma_dachi_kottedzhi/dom_40_m_na_uchastke_6_sot._7356211905,Дом 40 м² на участке 6 сот.,5000,,40.0,Псковская,Более 2 месяцев,2025-05-05
Дома,https://www.avito.ru/tulskaya_oblast_yasnogorsk/doma_dachi_kottedzhi/kottedzh_150_m_na_uchastke_30_sot._2005417867,Коттедж 150 м² на участке 30 сот.,90000,,150.0,Тульская,1 неделя,2020-10-14
Дома,https://www.avito.ru/irkutskaya_oblast_homutovo/doma_dachi_kottedzhi/dom_143_m_na_uchastke_7_sot._7690973207,Дом 143 м² на участке 7 сот.,40000,,143.0,Иркутская,1 неделя,2025-10-06
Дома,https://www.avito.ru/rostov-na-donu/doma_dachi_kottedzhi/kottedzh_120_m_na_uchastke_7_sot._7563173450,Коттедж 120 м² на участке 7 сот.,45000,,120.0,Ростовская,Более 2 месяцев,2025-08-06
Дома,https://www.avito.ru/kuybyshev/doma_dachi_kottedzhi/taunhaus_640_m_na_uchastke_54_sot._847145893,Таунхаус 640 м² на участке 54 сот.,130000,,640.0,Новосибирская,Более 2 месяцев,2016-10-03
Дома,https://www.avito.ru/volgograd/doma_dachi_kottedzhi/kottedzh_158_m_na_uchastke_4_sot._340609330,Коттедж 158 м² на участке 4 сот.,49900,,158.0,Волгоградская,Более 2 месяцев,2014-05-26
