category,url,title,price,rooms,area,address,free_period,time_ago,collection_date
apartments,https://www.avito.ru/kurskaya_oblast_zheleznogorsk/kvartiry/3-k._kvartira_64_m_35_et._7716507319,"3-к. квартира, 64 м², 3/5 эт.",20000,3,64,"Курская обл., Железногорск, Курская ул., 13к1",Бесплатно более 2 месяцев,2 ноября 13:33,2025-12-14 15:06:31
apartments,https://www.avito.ru/kineshma/kvartiry/1-k._kvartira_45_m_35_et._7648411425,"1-к. квартира, 45 м², 3/5 эт.",35000,1,45,"Ивановская обл., Кинешма, ул. Менделеева, 7",Бесплатно более 2 месяцев,8 сентября 21:30,2025-12-14 15:06:35
apartments,https://www.avito.ru/mahachkala/kvartiry/1-k._kvartira_24_m_11_et._1791984259,"1-к. квартира, 24 м², 1/1 эт.",12000,1,24,"Республика Дагестан, Махачкала, Горская ул.",Бесплатно на 1 неделю,23 сентября 2019,2025-12-14 15:06:41
apartments,https://www.avito.ru/kazan/kvartiry/2-k._kvartira_70_m_78_et._7659334633,"2-к. квартира, 70 м², 7/8 эт.",41000,2,70,"Республика Татарстан (Татарстан), Казань, Минская ул., 51",Бесплатно более 2 месяцев,12 сентября 16:16,2025-12-14 15:06:47
apartments,https://www.avito.ru/orenburg/kvartiry/1-k._kvartira_31_m_49_et._7752145169,"1-к. квартира, 31 м², 4/9 эт.",17500,1,31,"Оренбургская обл., Оренбург, Алтайская ул., 2/2",Бесплатно на 2 недели,3 дня назад,2025-12-14 15:06:53
apartments,https://www.avito.ru/cheboksary/kvartiry/1-k._kvartira_40_m_78_et._295226266,"1-к. квартира, 40 м², 7/8 эт.",28000,1,40,"Чувашская Республика — Чувашия, Чебоксары, жилой район Северо-Западный, мкр-н Волжский-3, ул. Глеба Ильенко, 5",Бесплатно на 1 месяц,13 марта 2014,2025-12-14 15:06:59
apartments,https://www.avito.ru/zavodoukovsk/kvartiry/2-k._kvartira_44_m_15_et._7818606461,"2-к. квартира, 44 м², 1/5 эт.",3000,2,44,"Тюменская обл., Заводоуковский муниципальный округ, Заводоуковск, Заводская ул., 11А",Бесплатно более 2 месяцев,7 дней назад,2025-12-14 15:07:05
apartments,https://www.avito.ru/sankt-peterburg/kvartiry/kvartira-studiya_20_m_2025_et._7593690361,"Квартира-студия, 20 м², 20/25 эт.",35000,студия,20,"Санкт-Петербург, пос. Парголово, Толубеевский пр., 36к1",Бесплатно на 2 недели,17 августа 00:16,2025-12-14 15:07:10
apartments,https://www.avito.ru/neftekumsk/kvartiry/1-k._kvartira_297_m_45_et._7638178774,"1-к. квартира, 29,7 м², 4/5 эт.",14000,1,29.7,"Ставропольский край, Нефтекумский муниципальный округ, Нефтекумск, 1-й мкр-н, 16",Бесплатно более 2 месяцев,27 августа 07:19,2025-12-14 15:07:15
apartments,https://www.avito.ru/vidnoe/kvartiry/2-k._kvartira_57_m_2020_et._7791450316,"2-к. квартира, 57 м², 20/20 эт.",40000,2,57,"Московская обл., Ленинский г.о., д. Сапроново, ул. Западный Квартал, 7к2",Бесплатно на 1 неделю,1 неделю назад,2025-12-14 15:07:20
apartments,https://www.avito.ru/kemerovskaya_oblast_mezhdurechensk/kvartiry/2-k._kvartira_496_m_35_et._7785878082,"2-к. квартира, 49,6 м², 3/5 эт.",23000,2,49.6,"Кемеровская обл. — Кузбасс, Междуреченский муниципальный округ, Междуреченск, ул. Лазо, 41",Бесплатно на 2 недели,14 ноября 11:14,2025-12-14 15:07:24
apartments,https://www.avito.ru/ulyanovsk/kvartiry/1-k._kvartira_313_m_55_et._4748340024,"1-к. квартира, 31,3 м², 5/5 эт.",17000,1,31.3,"Ульяновская обл., Ульяновск, ул. 40-летия Октября, 31",Бесплатно на 1 неделю,6 ноября 2024,2025-12-14 15:07:29
apartments,https://www.avito.ru/sochi/kvartiry/kvartira-studiya_27_m_45_et._7842228574,"Квартира-студия, 27 м², 4/5 эт.",30000,студия,27,"Краснодарский край, Сочи, мкр-н Мамайка, Загородная ул., 5/3",Бесплатно на 1 неделю,Вчера,2025-12-14 15:07:36
apartments,https://www.avito.ru/kaluga/kvartiry/2-k._kvartira_57_m_612_et._599276618,"2-к. квартира, 57 м², 6/12 эт.",27000,2,57,"Калужская обл., Калуга, ул. Кибальчича, 8",Бесплатно более 2 месяцев,1 июля 2015,2025-12-14 15:07:46
apartments,https://www.avito.ru/sochi/kvartiry/2-k._kvartira_38_m_110_et._1998373356,"2-к. квартира, 38 м², 1/10 эт.",40000,2,38,"Краснодарский край, Сочи, жилой район Адлер, Нагорный тупик, 13В",Бесплатно на 1 неделю,10 октября 2020,2025-12-14 15:07:51
apartments,https://www.avito.ru/nevyansk/kvartiry/2-k._kvartira_446_m_15_et._7807452710,"2-к. квартира, 44,6 м², 1/5 эт.",16000,2,44.6,"Свердловская обл., Невьянский муниципальный округ, Невьянск, ул. Матвеева, 36",Бесплатно на 1 неделю,5 ноября 18:44,2025-12-14 15:07:56
apartments,https://www.avito.ru/strezhevoy/kvartiry/1-k._kvartira_30_m_44_et._7501682860,"1-к. квартира, 30 м², 4/4 эт.",8000,1,30,"Томская обл., Стрежевой, пр-т Нефтяников, 214",Бесплатно на 1 месяц,15 июня 19:57,2025-12-14 15:08:02
apartments,https://www.avito.ru/ekaterinburg/kvartiry/1-k._kvartira_27_m_45_et._7532998308,"1-к. квартира, 27 м², 4/5 эт.",20000,1,27,"Свердловская обл., Екатеринбург, Встречный пер., 3к2",Бесплатно на 1 месяц,1 июля 15:25,2025-12-14 15:08:07
apartments,https://www.avito.ru/kokoshkino/kvartiry/2-k._kvartira_80_m_1017_et._1864845765,"2-к. квартира, 80 м², 10/17 эт.",60000,2,80,"Москва, Новомосковский административный округ, р-н Внуково, дп. Кокошкино, ул. Дзержинского, 8",Бесплатно более 2 месяцев,16 января 2020,2025-12-14 15:08:14
apartments,https://www.avito.ru/sochi/kvartiry/1-k._apartamenty_25_m_13_et._7546298638,"1-к. апартаменты, 25 м², 1/3 эт.",30000,1,25,"Краснодарский край, Сочи, Суздальская ул., 30Е",Бесплатно на 1 неделю,11 августа 10:39,2025-12-14 15:08:19
apartments,https://www.avito.ru/krasnodar/kvartiry/2-k._kvartira_51_m_35_et._7646083346,"2-к. квартира, 51 м², 3/5 эт.",1250,2,51,"Краснодарский край, г.о. Краснодар, пос. Берёзовый, ул. Археолога Веселовского, 3",Бесплатно на 1 неделю,6 октября 02:04,2025-12-14 15:08:25
apartments,https://www.avito.ru/murmansk/kvartiry/2-k._kvartira_480_m_15_et._839672233,"2-к. квартира, 480 м², 1/5 эт.",32000,2,480,"Мурманская обл., Мурманск, Инженерная ул., 12",Бесплатно более 2 месяцев,19 сентября 2016,2025-12-14 15:08:30
apartments,https://www.avito.ru/volgograd/kvartiry/2-k._kvartira_35_m_1619_et._7734826730,"2-к. квартира, 35 м², 16/19 эт.",33000,2,35,"Волгоградская обл., Волгоград, район Семь Ветров, б-р 30-летия Победы, 42",Бесплатно более 2 месяцев,2 октября 20:17,2025-12-14 15:08:34
apartments,https://www.avito.ru/bugry/kvartiry/kvartira-studiya_213_m_35_et._7790564090,"Квартира-студия, 21,3 м², 3/5 эт.",25000,студия,21.3,"Ленинградская обл., Всеволожский р-н, Бугровское сельское поселение, пос. Бугры, Новая ул., 7",Бесплатно на 2 месяца,7 дней назад,2025-12-14 15:08:40
apartments,https://www.avito.ru/gagarin/kvartiry/2-k._kvartira_48_m_15_et._7591527817,"2-к. квартира, 48 м², 1/5 эт.",38000,2,48,"Смоленская обл., Гагаринский муниципальный округ, Гагарин, ул. Строителей, 167А",Бесплатно более 2 месяцев,11 сентября 20:34,2025-12-14 15:08:45
apartments,https://www.avito.ru/surgut/kvartiry/2-k._kvartira_55_m_45_et._7464588561,"2-к. квартира, 55 м², 4/5 эт.",35000,2,55,"Тюменская обл., Ханты-Мансийский АО, Сургут, ул. Мелик-Карамова, 43",Бесплатно на 1 неделю,12 июля 18:39,2025-12-14 15:08:51
apartments,https://www.avito.ru/ishimbay/kvartiry/1-k._kvartira_32_m_23_et._7610303394,"1-к. квартира, 32 м², 2/3 эт.",26000,1,32,"Республика Башкортостан, Ишимбайский р-н, городское поселение Ишимбай, Ишимбай, ул. Гагарина, 76",Бесплатно на 1 месяц,9 сентября 23:38,2025-12-14 15:08:57
apartments,https://www.avito.ru/sochi/kvartiry/1-k._kvartira_55_m_66_et._7285065327,"1-к. квартира, 55 м², 6/6 эт.",24700,1,55,"Краснодарский край, Сочи, мкр-н Головинка, Мостовая ул., 16к1",Бесплатно на 1 неделю,6 апреля 18:16,2025-12-14 15:09:02
apartments,https://www.avito.ru/roslavl/kvartiry/2-k._kvartira_42_m_25_et._7546069038,"2-к. квартира, 42 м², 2/5 эт.",5000,2,42,"Смоленская обл., Рославльский муниципальный округ, Рославль, ул. Пушкина, 64",Бесплатно на 1 неделю,3 августа 12:27,2025-12-14 15:09:08
apartments,https://www.avito.ru/nizhnekamsk/kvartiry/5-k._kvartira_95_m_15_et._4378038574,"5-к. квартира, 95 м², 1/5 эт.",90000,5,95,"Республика Татарстан, Нижнекамский р-н, муниципальное образование Нижнекамск, Нижнекамск, ул. Юности, 9",Бесплатно на 2 недели,25 августа 2024,2025-12-14 15:09:13
apartments,https://www.avito.ru/slantsy/kvartiry/2-k._kvartira_80_m_19_et._7862637113,"2-к. квартира, 80 м², 1/9 эт.",15000,2,80,"Ленинградская обл., Сланцевский р-н, Сланцевское городское поселение, Сланцы, Молодёжный пр-т, 13",Бесплатно на 1 неделю,7 дней назад,2025-12-14 15:09:19
apartments,https://www.avito.ru/sankt-peterburg/kvartiry/1-k._kvartira_323_m_824_et._7522369873,"1-к. квартира, 32,3 м², 8/24 эт.",38000,1,32.3,"Санкт-Петербург, Парашютная ул., 65",Бесплатно на 1 неделю,16 июля 12:38,2025-12-14 15:09:24
apartments,https://www.avito.ru/voronezh/kvartiry/1-k._kvartira_45_m_425_et._7749143981,"1-к. квартира, 45 м², 4/25 эт.",32000,1,45,"Воронежская обл., Воронеж, Краснознамённая ул., 57/5",Бесплатно на 1 неделю,2 октября 19:45,2025-12-14 15:09:29
apartments,https://www.avito.ru/chelyabinsk/kvartiry/3-k._kvartira_629_m_49_et._7365380371,"3-к. квартира, 62,9 м², 4/9 эт.",38000,3,62.9,"Челябинская обл., Челябинск, ул. Богдана Хмельницкого, 30",Бесплатно на 1 неделю,10 мая 17:41,2025-12-14 15:09:35
apartments,https://www.avito.ru/pitkyaranta/kvartiry/1-k._kvartira_302_m_55_et._7751073249,"1-к. квартира, 30,2 м², 5/5 эт.",8000,1,30.2,"Республика Карелия, Питкярантский муниципальный округ, Питкяранта, Парковая ул., 6",Бесплатно на 2 месяца,1 неделю назад,2025-12-14 15:09:41
apartments,https://www.avito.ru/tyumen/kvartiry/kvartira-studiya_15_m_78_et._4841458117,"Квартира-студия, 15 м², 7/8 эт.",13000,студия,15,"Тюменская обл., Тюмень, Олимпийская ул., 20",Бесплатно более 2 месяцев,23 января 12:30,2025-12-14 15:09:47
apartments,https://www.avito.ru/samara/kvartiry/2-k._kvartira_48_m_89_et._7609599675,"2-к. квартира, 48 м², 8/9 эт.",30000,2,48,"Самарская обл., Самара, ул. Осипенко, 24",Бесплатно на 1 месяц,30 августа 09:08,2025-12-14 15:09:52
apartments,https://www.avito.ru/sankt-peterburg/kvartiry/1-k._kvartira_33_m_116_et._7596599787,"1-к. квартира, 33 м², 1/16 эт.",25000,1,33,"Санкт-Петербург, ул. Композиторов, 12",Бесплатно на 1 неделю,10 сентября 10:47,2025-12-14 15:09:57
apartments,https://www.avito.ru/krasnodar/kvartiry/2-k._kvartira_75_m_25_et._7560762369,"2-к. квартира, 75 м², 2/5 эт.",30000,2,75,"Краснодарский край, Краснодар, ул. Лотышева, 11",Бесплатно на 1 неделю,19 августа 12:18,2025-12-14 15:10:03
apartments,https://www.avito.ru/samara/kvartiry/1-k._kvartira_43_m_110_et._2406871574,"1-к. квартира, 43 м², 1/10 эт.",35000,1,43,"Самарская обл., Самара, Корабельная ул., 12",Бесплатно на 1 месяц,20 мая 2022,2025-12-14 15:10:08
apartments,https://www.avito.ru/markova/kvartiry/2-k._kvartira_40_m_56_et._4396121150,"2-к. квартира, 40 м², 5/6 эт.",31000,2,40,"Иркутская обл., Иркутский р-н, Марковское муниципальное образование, рп. Маркова, жилой комплекс Весна, 1",Бесплатно на 1 неделю,11 июля 2024,2025-12-14 15:10:14
apartments,https://www.avito.ru/purpe/kvartiry/2-k._kvartira_567_m_25_et._7802441654,"2-к. квартира, 56,7 м², 2/5 эт.",40000,2,56.7,"Тюменская обл., Ямало-Ненецкий АО, Губкинский, Железнодорожная ул., 3А",Бесплатно на 1 месяц,7 дней назад,2025-12-14 15:10:20
apartments,https://www.avito.ru/tomsk/kvartiry/kvartira-studiya_17_m_12_et._4614093089,"Квартира-студия, 17 м², 1/2 эт.",7000,студия,17,"Томская обл., Томск, посёлок Восточный, Черноморская ул., 22",Бесплатно более 2 месяцев,16 ноября 2024,2025-12-14 15:10:26
apartments,https://www.avito.ru/syktyvkar/kvartiry/1-k._kvartira_383_m_112_et._7684661051,"1-к. квартира, 38,3 м², 1/12 эт.",10000,1,38.3,"Республика Коми, Сыктывкар, Весенняя ул., 11",Бесплатно более 2 месяцев,15 октября 12:58,2025-12-14 15:10:31
apartments,https://www.avito.ru/torzhok/kvartiry/2-k._kvartira_55_m_33_et._2530291805,"2-к. квартира, 55 м², 3/3 эт.",29000,2,55,"Тверская обл., Торжок, ул. Белинского, 5",Бесплатно на 2 недели,27 июля 2022,2025-12-14 15:10:36
apartments,https://www.avito.ru/yanaul/kvartiry/1-k._kvartira_344_m_66_et._4503411792,"1-к. квартира, 34,4 м², 6/6 эт.",20000,1,34.4,"Республика Башкортостан, Янаульский р-н, Янаул, Станционная ул., 20А",Бесплатно более 2 месяцев,13 января 21:47,2025-12-14 15:10:41
apartments,https://www.avito.ru/rubtsovsk/kvartiry/3-k._kvartira_66_m_12_et._7797226572,"3-к. квартира, 66 м², 1/2 эт.",15000,3,66,"Алтайский край, Рубцовск, Путевая ул., 35",Бесплатно на 1 неделю,2 недели назад,2025-12-14 15:10:46
apartments,https://www.avito.ru/balashiha/kvartiry/1-k._kvartira_45_m_1122_et._7782921229,"1-к. квартира, 45 м², 11/22 эт.",45000,1,45,"Московская обл., Балашиха, мкр-н Новое Павлино, Косинское ш., 2",Бесплатно на 1 неделю,1 неделю назад,2025-12-14 15:10:52
apartments,https://www.avito.ru/moskovskaya_oblast_krasnogorsk/kvartiry/2-k._apartamenty_65_m_33_et._2133280952,"2-к. апартаменты, 65 м², 3/3 эт.",45000,2,65,"Московская обл., г.о. Красногорск, пгт. Нахабино, Дорожная ул., 5",Бесплатно на 1 неделю,1 мая 2021,2025-12-14 15:10:57
apartments,https://www.avito.ru/chelyabinsk/kvartiry/2-k._kvartira_503_m_99_et._7800789366,"2-к. квартира, 50,3 м², 9/9 эт.",21000,2,50.3,"Челябинская обл., Челябинский г.о., Челябинск, пр-т Победы, 111",Бесплатно на 2 месяца,1 неделю назад,2025-12-14 15:11:02
apartments,https://www.avito.ru/moskovskaya_oblast_krasnogorsk/kvartiry/2-k._apartamenty_65_m_33_et._2133280952,"2-к. апартаменты, 65 м², 3/3 эт.",45000,2,65,"Московская обл., г.о. Красногорск, пгт. Нахабино, Дорожная ул., 5",Бесплатно на 1 неделю,1 мая 2021,2025-12-14 15:11:26
apartments,https://www.avito.ru/ekaterinburg/kvartiry/2-k._kvartira_44_m_22_et._7692326154,"2-к. квартира, 44 м², 2/2 эт.",45000,2,44,"Свердловская обл., Екатеринбург, ул. Корепина, 27А",Бесплатно более 2 месяцев,27 октября 19:10,2025-12-14 15:11:31
apartments,https://www.avito.ru/tyumen/kvartiry/kvartira-studiya_15_m_78_et._4841458117,"Квартира-студия, 15 м², 7/8 эт.",13000,студия,15,"Тюменская обл., Тюмень, Олимпийская ул., 20",Бесплатно более 2 месяцев,23 января 12:30,2025-12-14 15:11:36
apartments,https://www.avito.ru/tomsk/kvartiry/kvartira-studiya_17_m_12_et._4614093089,"Квартира-студия, 17 м², 1/2 эт.",7000,студия,17,"Томская обл., Томск, посёлок Восточный, Черноморская ул., 22",Бесплатно более 2 месяцев,16 ноября 2024,2025-12-14 15:11:42
apartments,https://www.avito.ru/torzhok/kvartiry/2-k._kvartira_55_m_33_et._2530291805,"2-к. квартира, 55 м², 3/3 эт.",29000,2,55,"Тверская обл., Торжок, ул. Белинского, 5",Бесплатно на 2 недели,27 июля 2022,2025-12-14 15:11:47
apartments,https://www.avito.ru/krasnodar/kvartiry/2-k._kvartira_75_m_25_et._7560762369,"2-к. квартира, 75 м², 2/5 эт.",30000,2,75,"Краснодарский край, Краснодар, ул. Лотышева, 11",Бесплатно на 1 неделю,19 августа 12:18,2025-12-14 15:11:53
apartments,https://www.avito.ru/chelyabinsk/kvartiry/2-k._kvartira_503_m_99_et._7800789366,"2-к. квартира, 50,3 м², 9/9 эт.",21000,2,50.3,"Челябинская обл., Челябинский г.о., Челябинск, пр-т Победы, 111",Бесплатно на 2 месяца,1 неделю назад,2025-12-14 15:11:59
apartments,https://www.avito.ru/novorossiysk/kvartiry/2-k._kvartira_45_m_35_et._4298255753,"2-к. квартира, 45 м², 3/5 эт.",38000,2,45,"Краснодарский край, Новороссийск, наб. Адмирала Серебрякова, 39",Бесплатно более 2 месяцев,26 июня 2024,2025-12-14 15:12:04
apartments,https://www.avito.ru/ulan-ude/kvartiry/kvartira-studiya_41_m_113_et._4405798772,"Квартира-студия, 41 м², 1/13 эт.",38000,студия,41,"Республика Бурятия, Улан-Удэ, 110-й мкр-н, 14",Бесплатно более 2 месяцев,14 декабря 2024,2025-12-14 15:12:09
apartments,https://www.avito.ru/sochi/kvartiry/1-k._kvartira_341_m_46_et._7795279182,"1-к. квартира, 34,1 м², 4/6 эт.",40000,1,34.1,"Краснодарский край, Сочи, Виноградная ул., 224/8",Бесплатно на 1 неделю,15 ноября 14:30,2025-12-14 15:12:14
apartments,https://www.avito.ru/voronezh/kvartiry/1-k._kvartira_47_m_419_et._7619699943,"1-к. квартира, 47 м², 4/19 эт.",30000,1,47,"Воронежская обл., Воронеж, ул. 9 Января, 233/54",Бесплатно более 2 месяцев,5 сентября 11:40,2025-12-14 15:12:18
apartments,https://www.avito.ru/izhevsk/kvartiry/1-k._kvartira_42_m_817_et._7780230328,"1-к. квартира, 42 м², 8/17 эт.",45000,1,42,"Удмуртская Республика, Ижевск, мкр-н Ключевой Посёлок, пр. Орджоникидзе, 1",Бесплатно более 2 месяцев,1 неделю назад,2025-12-14 15:12:23
apartments,https://www.avito.ru/voronezh/kvartiry/1-k._kvartira_40_m_811_et._7804043293,"1-к. квартира, 40 м², 8/11 эт.",27000,1,40,"Воронежская обл., Воронеж, Ленинский пр-т, 96Б",Бесплатно более 2 месяцев,2 недели назад,2025-12-14 15:12:29
apartments,https://www.avito.ru/murmanskaya_oblast_zapolyarnyy/kvartiry/1-k._kvartira_33_m_45_et._7356880994,"1-к. квартира, 33 м², 4/5 эт.",13000,1,33,"Мурманская обл., Печенгский муниципальный округ, Заполярный, ул. Ленина, 33А",Бесплатно на 1 месяц,1 мая 01:41,2025-12-14 15:12:34
apartments,https://www.avito.ru/sankt-peterburg/kvartiry/kvartira-studiya_24_m_820_et._7553356786,"Квартира-студия, 24 м², 8/20 эт.",29000,студия,24,"Санкт-Петербург, Пушкинский р-н, пос. Шушары, Вилеровский пер., 6",Бесплатно более 2 месяцев,28 июля 08:57,2025-12-14 15:12:39
apartments,https://www.avito.ru/novotroitsk/kvartiry/1-k._kvartira_304_m_55_et._7702671986,"1-к. квартира, 304 м², 5/5 эт.",35000,1,304,"Оренбургская обл., Новотроицк, Советская ул., 98",Бесплатно на 1 неделю,16 сентября 20:04,2025-12-14 15:12:44
apartments,https://www.avito.ru/sochi/kvartiry/kvartira-studiya_31_m_312_et._4225411355,"Квартира-студия, 31 м², 3/12 эт.",36000,студия,31,"Краснодарский край, Сочи, ул. Искры, 88к1",Бесплатно на 1 неделю,3 сентября 2024,2025-12-14 15:12:50
apartments,https://www.avito.ru/sochi/kvartiry/2-k._kvartira_50_m_46_et._2491731266,"2-к. квартира, 50 м², 4/6 эт.",70000,2,50,"Краснодарский край, Сочи, Весёлая ул., 82/1Б",Бесплатно на 1 неделю,17 июля 2022,2025-12-14 15:12:56
apartments,https://www.avito.ru/saratov/kvartiry/3-k._kvartira_85_m_810_et._7285258295,"3-к. квартира, 85 м², 8/10 эт.",70000,3,85,"Саратовская обл., Саратов, ул. имени Ф.Э. Дзержинского, 7/11",Бесплатно более 2 месяцев,8 апреля 13:31,2025-12-14 15:13:02
apartments,https://www.avito.ru/volgograd/kvartiry/apartamenty-studiya_35_m_13_et._7672203186,"Апартаменты-студия, 35 м², 1/3 эт.",23900,студия,35,"Волгоградская обл., Волгоград, ул. Братьев Толмачёвых, 1К",Бесплатно более 2 месяцев,1 октября 09:27,2025-12-14 15:13:07
apartments,https://www.avito.ru/sochi/kvartiry/kvartira-studiya_247_m_23_et._7496432025,"Квартира-студия, 24,7 м², 2/3 эт.",15000,студия,24.7,"Краснодарский край, г.о. Сочи, с. Барановка (Хостинский район), Армянская ул., 99",Бесплатно на 1 неделю,3 августа 11:05,2025-12-14 15:13:12
apartments,https://www.avito.ru/orel/kvartiry/2-k._kvartira_601_m_510_et._7698206538,"2-к. квартира, 60,1 м², 5/10 эт.",23000,2,60.1,"Орловская обл., Орёл, ул. Емлютина, 16",Бесплатно на 1 месяц,25 октября 17:54,2025-12-14 15:13:17
apartments,https://www.avito.ru/orenburg/kvartiry/2-k._kvartira_65_m_67_et._7801088322,"2-к. квартира, 65 м², 6/7 эт.",33000,2,65,"Оренбургская обл., Оренбург, Краснознамённая ул., 58",Бесплатно на 1 неделю,3 недели назад,2025-12-14 15:13:23
apartments,https://www.avito.ru/nadym/kvartiry/3-k._kvartira_595_m_12_et._7776173467,"3-к. квартира, 59,5 м², 1/2 эт.",15000,3,59.5,"Тюменская обл., Ямало-Ненецкий АО, Надымский р-н, пос. Приозёрный, мкр-н ФК-2, 2",Бесплатно на 1 месяц,3 ноября 21:39,2025-12-14 15:13:28
apartments,https://www.avito.ru/asbest/kvartiry/1-k._kvartira_35_m_13_et._7771133208,"1-к. квартира, 35 м², 1/3 эт.",9000,1,35,"Свердловская обл., Асбестовский муниципальный округ, Асбест, пер. Пушкина, 25",Бесплатно более 2 месяцев,12 ноября 20:22,2025-12-14 15:13:33
apartments,https://www.avito.ru/sochi/kvartiry/kvartira-studiya_20_m_33_et._4139493984,"Квартира-студия, 20 м², 3/3 эт.",20000,студия,20,"Краснодарский край, г.о. Сочи, с. Краевско-Армянское, СНТ Родник, 26",Бесплатно на 1 месяц,6 сентября 2024,2025-12-14 15:13:38
apartments,https://www.avito.ru/sochi/kvartiry/kvartira-studiya_30_m_38_et._1806081702,"Квартира-студия, 30 м², 3/8 эт.",25000,студия,30,"Краснодарский край, Сочи, Адлер, ул. Просвещения, 167",Бесплатно на 1 неделю,24 сентября 2019,2025-12-14 15:13:42
apartments,https://www.avito.ru/aldan/kvartiry/1-k._kvartira_40_m_12_et._7356265331,"1-к. квартира, 40 м², 1/2 эт.",35000,1,40,"Республика Саха (Якутия), Алданский р-н, муниципальное образование Алдан, Алдан, ул. Билибина, 32",Бесплатно более 2 месяцев,7 мая 15:56,2025-12-14 15:13:46
apartments,https://www.avito.ru/sochi/kvartiry/2-k._kvartira_49_m_69_et._680187629,"2-к. квартира, 49 м², 6/9 эт.",48000,2,49,"Краснодарский край, Сочи, Одесская ул., 22",Бесплатно на 1 неделю,16 ноября 2015,2025-12-14 15:13:52
apartments,https://www.avito.ru/groznyy/kvartiry/3-k._kvartira_71_m_55_et._4264510871,"3-к. квартира, 71 м², 5/5 эт.",40000,3,71,"Чеченская Республика, Грозный, Висаитовский район, посёлок Мельникова, ул. Заветы Ильича, 3",Бесплатно более 2 месяцев,25 ноября 2024,2025-12-14 15:13:57
apartments,https://www.avito.ru/rostov-na-donu/kvartiry/1-k._kvartira_30_m_26_et._7680665159,"1-к. квартира, 30 м², 2/6 эт.",1000,1,30,"Ростовская обл., Аксайский р-н, Щепкинское сельское поселение, пос. Верхнетемерницкий, Атмосферный пер., 14",Бесплатно более 2 месяцев,18 сентября 14:08,2025-12-14 15:14:02
apartments,https://www.avito.ru/sochi/kvartiry/2-k._kvartira_44_m_46_et._7558857985,"2-к. квартира, 44 м², 4/6 эт.",70000,2,44,"Краснодарский край, федеральная территория Сириус, Сириус, Весёлая ул., 82/1Б",Бесплатно на 1 неделю,7 августа 07:13,2025-12-14 15:14:07
apartments,https://www.avito.ru/mihaylov/kvartiry/1-k._kvartira_286_m_12_et._4460853604,"1-к. квартира, 28,6 м², 1/2 эт.",25000,1,28.6,"Рязанская обл., Михайловский муниципальный округ, Михайлов, Пронская ул., 18",Бесплатно на 1 неделю,10 января 11:32,2025-12-14 15:14:12
apartments,https://www.avito.ru/samara/kvartiry/2-k._kvartira_70_m_1112_et._7626993090,"2-к. квартира, 70 м², 11/12 эт.",70000,2,70,"Самарская обл., Самара, Владимирская ул., 41А",Бесплатно более 2 месяцев,30 августа 16:00,2025-12-14 15:14:18
apartments,https://www.avito.ru/baymak/kvartiry/2-k._kvartira_442_m_12_et._7739909585,"2-к. квартира, 44,2 м², 1/2 эт.",6000,2,44.2,"Республика Башкортостан, Баймакский р-н, Зилаирский сельсовет, с. Ургаза, Коммунистическая ул., 10",Бесплатно более 2 месяцев,27 октября 22:38,2025-12-14 15:14:22
apartments,https://www.avito.ru/volokolamsk/kvartiry/1-k._kvartira_40_m_55_et._1174670666,"1-к. квартира, 40 м², 5/5 эт.",55000,1,40,"Московская обл., Волоколамский г.о., Волоколамск, Ново-Солдатский пер., 7А",Бесплатно на 1 неделю,30 ноября 2018,2025-12-14 15:14:27
apartments,https://www.avito.ru/mariupol/kvartiry/3-k._kvartira_578_m_29_et._7636941219,"3-к. квартира, 57,8 м², 2/9 эт.",49900,3,57.8,"Мариуполь, б-р Шевченко, 240",Бесплатно более 2 месяцев,1 октября 14:07,2025-12-14 15:14:33
apartments,https://www.avito.ru/severodvinsk/kvartiry/2-k._kvartira_48_m_25_et._4439358749,"2-к. квартира, 48 м², 2/5 эт.",25000,2,48,"Архангельская обл., Северодвинск, Морской пр-т, 18",Бесплатно на 1 месяц,7 декабря 2024,2025-12-14 15:14:38
apartments,https://www.avito.ru/syzran/kvartiry/3-k._kvartira_538_m_19_et._7559191940,"3-к. квартира, 53,8 м², 1/9 эт.",35000,3,53.8,"Самарская обл., Сызрань, пр-т Космонавтов, 4",Бесплатно на 1 месяц,28 августа 07:21,2025-12-14 15:14:44
apartments,https://www.avito.ru/kamensk-shahtinskiy/kvartiry/2-k._kvartira_483_m_25_et._7759297828,"2-к. квартира, 48,3 м², 2/5 эт.",30000,2,48.3,"Ростовская обл., Каменск-Шахтинский, Московская ул., 55",Бесплатно на 1 месяц,3 недели назад,2025-12-14 15:14:50
apartments,https://www.avito.ru/teploe/kvartiry/4-k._kvartira_658_m_12_et._4483928587,"4-к. квартира, 658 м², 1/2 эт.",15000,4,658,"Тульская обл., Тёпло-Огарёвский р-н, муниципальное образование Тёплое, рп. Тёплое, пер. Строителей, 3",Бесплатно на 1 месяц,26 октября 2024,2025-12-14 15:14:54
apartments,https://www.avito.ru/saransk/kvartiry/2-k._kvartira_702_m_59_et._7296830973,"2-к. квартира, 70,2 м², 5/9 эт.",45000,2,70.2,"Республика Мордовия, Саранск, ул. Короленко, 1",Бесплатно более 2 месяцев,15 апреля 22:08,2025-12-14 15:14:59
apartments,https://www.avito.ru/tolyatti/kvartiry/3-k._kvartira_64_m_610_et._4438977573,"3-к. квартира, 64 м², 6/10 эт.",25000,3,64,"Самарская обл., Тольятти, Тополиная ул., 6",Бесплатно более 2 месяцев,10 декабря 2024,2025-12-14 15:15:04
apartments,https://www.avito.ru/ulyanovsk/kvartiry/2-k._kvartira_60_m_44_et._7760474668,"2-к. квартира, 60 м², 4/4 эт.",25000,2,60,"Ульяновская обл., Ульяновск, Почтовая ул., 26",Бесплатно более 2 месяцев,12 ноября 19:30,2025-12-14 15:15:09
apartments,https://www.avito.ru/sochi/kvartiry/apartamenty-studiya_346_m_23_et._7676596007,"Апартаменты-студия, 34,6 м², 2/3 эт.",25000,студия,34.6,"Краснодарский край, Сочи, Львовская ул., 70Ак3",Бесплатно на 1 неделю,28 сентября 09:43,2025-12-14 15:15:15
apartments,https://www.avito.ru/orsk/kvartiry/2-k._kvartira_50_m_25_et._7801832195,"2-к. квартира, 50 м², 2/5 эт.",29900,2,50,"Оренбургская обл., Орск, мкр-н Новый город, пр-т Ленина, 10",Бесплатно на 1 неделю,3 недели назад,2025-12-14 15:15:20
apartments,https://www.avito.ru/murmanskaya_oblast_zapolyarnyy/kvartiry/2-k._kvartira_432_m_55_et._7618243417,"2-к. квартира, 43,2 м², 5/5 эт.",33000,2,43.2,"Мурманская обл., Печенгский муниципальный округ, Заполярный, ул. Мира, 6",Бесплатно более 2 месяцев,4 сентября 23:53,2025-12-14 15:15:26
apartments,https://www.avito.ru/volgograd/kvartiry/1-k._kvartira_38_m_13_et._7736669435,"1-к. квартира, 38 м², 1/3 эт.",23990,1,38,"Волгоградская обл., Волгоград, ул. Братьев Толмачёвых, 1К",Бесплатно более 2 месяцев,1 ноября 12:45,2025-12-14 15:15:32
apartments,https://www.avito.ru/kandalaksha/kvartiry/1-k._kvartira_31_m_25_et._2250298448,"1-к. квартира, 31 м², 2/5 эт.",9000,1,31,"Мурманская обл., Кандалакшский р-н, городское поселение Кандалакша, населённый пункт Белое Море, 1",Бесплатно более 2 месяцев,17 сентября 2021,2025-12-14 15:15:36
rooms,https://www.avito.ru/tomsk/komnaty/koyko-mesto_16_m_13_et._7238303217,"Койко-место 16 м², 1/3 эт.",12000,,16,"Томская обл., Томск, ул. Пушкина, 61с1",Бесплатно на 2 недели,21 марта 11:30,2025-12-14 15:15:57
rooms,https://www.avito.ru/volgograd/komnaty/komnata_10_m_v_3-k._12_et._7776007730,"Комната 10 м² в 3-к., 1/2 эт.",7000,3,10,"Волгоградская обл., Волгоград, мкр-н Жилгородок, Яснополянская ул., 26",Бесплатно более 2 месяцев,30 октября 18:45,2025-12-14 15:16:02
rooms,https://www.avito.ru/alupka/komnaty/komnata_25_m_23_et._4038396191,"Комната 25 м², 2/3 эт.",15000,,25,"Республика Крым, г.о. Ялта, Алупка, Южнобережный спуск, 3Г",Бесплатно более 2 месяцев,21 апреля 2024,2025-12-14 15:16:08
rooms,https://www.avito.ru/moskva/komnaty/koyko-mesto_v_2-k._15_et._7840467259,"Койко-место в 2-к., 1/5 эт.",8000,2,,"Москва, Изумрудная ул., 32",Бесплатно на 1 неделю,3 дня назад,2025-12-14 15:16:13
rooms,https://www.avito.ru/monino/komnaty/komnata_10_m_23_et._2525886965,"Комната 10 м², 2/3 эт.",16500,,10,"Московская обл., г.о. Щёлково, рп. Монино, Полевая ул., 3/2",Бесплатно на 1 месяц,2 октября 2022,2025-12-14 15:16:17
rooms,https://www.avito.ru/prokopevsk/komnaty/komnata_15_m_v_1-k._33_et._7603026848,"Комната 15 м² в 1-к., 3/3 эт.",4500,1,15,"Кемеровская обл. — Кузбасс, Прокопьевский г.о., Прокопьевск, Молодёжная ул., 14-1",Бесплатно более 2 месяцев,17 августа 11:10,2025-12-14 15:16:22
rooms,https://www.avito.ru/sankt-peterburg/komnaty/komnata_25_m_v_3-k._19_et._4457447704,"Комната 25 м² в 3-к., 1/9 эт.",25000,3,25,"Санкт-Петербург, ул. Кораблестроителей, 23к2",Бесплатно более 2 месяцев,1 января 08:22,2025-12-14 15:16:27
rooms,https://www.avito.ru/kaliningrad/komnaty/komnata_6_m_v_2-k._13_et._7737484229,"Комната 6 м² в 2-к., 1/3 эт.",8999,2,6,"Калининградская обл., Калининград, ул. Радистов, 33",Бесплатно более 2 месяцев,15 октября 14:48,2025-12-14 15:16:32
rooms,https://www.avito.ru/moskva/komnaty/komnata_v_2-k._37_et._7803733705,"Комната в 2-к., 3/7 эт.",8000,2,,"Москва, Жулебинский б-р, 36к2",Бесплатно более 2 месяцев,Вчера,2025-12-14 15:16:38
rooms,https://www.avito.ru/moskovskaya_oblast_moskovskiy/komnaty/koyko-mesto_20_m_v_1-k._39_et._7833671473,"Койко-место 20 м² в 1-к., 3/9 эт.",15,1,20,"Москва, Новомосковский административный округ, Филимонковский р-н, Золотошвейная ул., 3",Бесплатно на 2 недели,7 часов назад,2025-12-14 15:16:43
rooms,https://www.avito.ru/ulyanovsk/komnaty/komnata_v_2-k._29_et._7762266358,"Комната в 2-к., 2/9 эт.",9000,2,,"Ульяновская обл., Ульяновск, Верхнеполевая ул., 15",Бесплатно более 2 месяцев,1 неделю назад,2025-12-14 15:16:48
rooms,https://www.avito.ru/moskva/komnaty/komnata_v_2-k._99_et._7877272505,"Комната в 2-к., 9/9 эт.",100,2,,"Москва, 16-я Парковая ул., 43к1",Бесплатно на 2 недели,3 дня назад,2025-12-14 15:16:54
rooms,https://www.avito.ru/samara/komnaty/koyko-mesto_17_m_v_1-k._22_et._7665096090,"Койко-место 17 м² в 1-к., 2/2 эт.",6000,1,17,"Самарская обл., Самара, Советская ул., 42",Бесплатно более 2 месяцев,8 октября 06:11,2025-12-14 15:17:00
rooms,https://www.avito.ru/sankt-peterburg/komnaty/komnata_12_m_v_3-k._33_et._7859758483,"Комната 12 м² в 3-к., 3/3 эт.",13000,3,12,"Санкт-Петербург, ул. Лётчика Пилютова, 20к1",Бесплатно на 1 месяц,7 дней назад,2025-12-14 15:17:05
rooms,https://www.avito.ru/moskva/komnaty/komnata_18_m_v_3-k._1025_et._2642341029,"Комната 18 м² в 3-к., 10/25 эт.",32000,3,18,"Москва, Новомосковский административный округ, поселение Внуковское, ул. Авиаконструктора Петлякова, 31",Бесплатно более 2 месяцев,26 октября 2022,2025-12-14 15:17:11
rooms,https://www.avito.ru/chelyabinsk/komnaty/komnata_15_m_v_1-k._19_et._7814314528,"Комната 15 м² в 1-к., 1/9 эт.",15000,1,15,"Челябинская обл., Челябинск, ул. Косарева, 50А/1",Бесплатно более 2 месяцев,3 дня назад,2025-12-14 15:17:17
rooms,https://www.avito.ru/sochi/komnaty/komnata_v_2-k._33_et._7794299824,"Комната в 2-к., 3/3 эт.",100,2,,"Краснодарский край, г.о. Сочи, с. Илларионовка, ул. Батурина, 14А",Бесплатно более 2 месяцев,3 дня назад,2025-12-14 15:17:23
rooms,https://www.avito.ru/gelendzhik/komnaty/komnata_6_m_v_9-k._29_et._7682627223,"Комната 6 м² в > 9-к., 2/9 эт.",5000,9,6,"Краснодарский край, Геленджик, ул. Маршала Жукова, 2к1",Бесплатно на 1 неделю,1 октября 21:58,2025-12-14 15:17:27
rooms,https://www.avito.ru/kaluga/komnaty/komnata_14_m_v_2-k._99_et._7567844672,"Комната 14 м² в 2-к., 9/9 эт.",5000,2,14,"Калужская обл., Калуга, Малоярославецкая ул., 14",Бесплатно более 2 месяцев,5 августа 13:00,2025-12-14 15:17:32
rooms,https://www.avito.ru/udelnaya/komnaty/komnata_15_m_23_et._7515727423,"Комната 15 м², 2/3 эт.",18000,,15,"Московская обл., Раменский муниципальный округ, пгт. Удельная, 2-й Северный пер., 3",Бесплатно на 1 месяц,4 июля 20:39,2025-12-14 15:17:38
rooms,https://www.avito.ru/volgograd/komnaty/komnata_17_m_v_2-k._55_et._7885377566,"Комната 17 м² в 2-к., 5/5 эт.",15000,2,17,"Волгоградская обл., Волгоград, ул. Бажова, 5",Бесплатно более 2 месяцев,2 недели назад,2025-12-14 15:17:42
rooms,https://www.avito.ru/semenov/komnaty/komnata_20_m_v_2-k._22_et._7705351953,"Комната 20 м² в 2-к., 2/2 эт.",5000,2,20,"Нижегородская обл., Семёнов, ул. Островского, 23А",Бесплатно более 2 месяцев,9 октября 10:06,2025-12-14 15:17:47
rooms,https://www.avito.ru/elizovo/komnaty/komnata_23_m_v_2-k._14_et._7756936768,"Комната 23 м² в 2-к., 1/4 эт.",9000,2,23,"Камчатский край, Елизовский муниципальный округ, Елизово, ул. Рябикова, 51",Бесплатно на 2 месяца,1 неделю назад,2025-12-14 15:17:52
rooms,https://www.avito.ru/cherkizovo/komnaty/koyko-mesto_18_m_v_3-k._22_et._7752648694,"Койко-место 18 м² в 3-к., 2/2 эт.",10000,3,18,"Московская обл., г.о. Пушкинский, пос. Челюскинский, Октябрьская ул., 27А",Бесплатно более 2 месяцев,7 дней назад,2025-12-14 15:17:57
rooms,https://www.avito.ru/domodedovo/komnaty/komnata_10_m_v_8-k._23_et._7691351407,"Комната 10 м² в 8-к., 2/3 эт.",12500,8,10,"Московская обл., Домодедово, мкр-н Востряково, Колхозная ул., 20",Бесплатно на 1 неделю,5 октября 18:18,2025-12-14 15:18:01
rooms,https://www.avito.ru/moskva/komnaty/koyko-mesto_52_m_v_2-k._15_et._7243880423,"Койко-место 52 м² в 2-к., 1/5 эт.",8000,2,52,"Москва, Янтарный пр., 29",Бесплатно на 1 неделю,24 марта 03:36,2025-12-14 15:18:06
rooms,https://www.avito.ru/sochi/komnaty/komnata_15_m_v_1-k._22_et._2224175226,"Комната 15 м² в 1-к., 2/2 эт.",17000,1,15,"Краснодарский край, Сочи, жилой район Адлер, ул. Крупской, 38",Бесплатно более 2 месяцев,8 октября 2021,2025-12-14 15:18:10
rooms,https://www.avito.ru/arhangelsk/komnaty/komnata_9_m_v_3-k._13_et._1947677585,"Комната 9 м² в 3-к., 1/3 эт.",12000,3,9,"Архангельская обл., Архангельск, исторический район Соломбала, ул. Беломорской Флотилии, 6к4",Бесплатно на 1 месяц,22 июня 2020,2025-12-14 15:18:15
rooms,https://www.avito.ru/orel/komnaty/komnata_10_m_v_7-k._12_et._7372171480,"Комната 10 м² в 7-к., 1/2 эт.",3000,7,10,"Орловская обл., Орёл, Ракетный пер., 12",Бесплатно более 2 месяцев,16 мая 21:57,2025-12-14 15:18:21
rooms,https://www.avito.ru/moskva/komnaty/koyko-mesto_15_m_v_2-k._1212_et._3894590993,"Койко-место 15 м² в 2-к., 12/12 эт.",15000,2,15,"Москва, Банный пер., 7к2",Бесплатно более 2 месяцев,23 мая 2024,2025-12-14 15:18:26
rooms,https://www.avito.ru/sankt-peterburg/komnaty/komnata_18_m_14_et._7645174153,"Комната 18 м², 1/4 эт.",21900,,18,"Санкт-Петербург, ул. Моисеенко, 15-17Б",Бесплатно более 2 месяцев,26 сентября 18:15,2025-12-14 15:18:32
rooms,https://www.avito.ru/zlatoust/komnaty/komnata_155_m_v_3-k._24_et._3173893036,"Комната 15,5 м² в 3-к., 2/4 эт.",11000,3,15.5,"Челябинская обл., Златоустовский г.о., Златоуст, ул. Тургенева, 6",Бесплатно на 1 месяц,12 июня 2023,2025-12-14 15:19:25
rooms,https://www.avito.ru/moskva/komnaty/koyko-mesto_v_3-k._69_et._7726350343,"Койко-место в 3-к., 6/9 эт.",500,3,,"Москва, ул. Академика Королёва, 28к1",Бесплатно более 2 месяцев,5 ноября 19:22,2025-12-14 15:19:33
rooms,https://www.avito.ru/moskovskaya_oblast_mendeleevo/komnaty/komnata_18_m_v_4-k._23_et._4593235735,"Комната 18 м² в 4-к., 2/3 эт.",10999,4,18,"Московская обл., Дмитровский муниципальный округ, д. Федотово, 81",Бесплатно на 2 недели,17 февраля 21:01,2025-12-14 15:19:39
rooms,https://www.avito.ru/buynaksk/komnaty/komnata_33_m_v_2-k._11_et._7314094012,"Комната 33 м² в 2-к., 1/1 эт.",6000,2,33,"Республика Дагестан, Буйнакск, ул. Хизроева, 32",Бесплатно на 1 неделю,17 апреля 10:24,2025-12-14 15:20:01
rooms,https://www.avito.ru/dedovsk/komnaty/komnata_12_m_v_3-k._11_et._1550625063,"Комната 12 м² в 3-к., 1/1 эт.",10500,3,12,"Московская обл., г.о. Истра, Дедовск, ул. Мира",Бесплатно на 1 месяц,23 августа 2018,2025-12-14 15:20:05
rooms,https://www.avito.ru/kolomna/komnaty/komnata_19_m_v_1-k._11_et._4310648427,"Комната 19 м² в 1-к., 1/1 эт.",10000,1,19,"Московская обл., Коломна, Центральная ул., 2",Бесплатно более 2 месяцев,17 октября 2024,2025-12-14 15:20:09
rooms,https://www.avito.ru/petropavlovsk-kamchatskiy/komnaty/komnata_15_m_v_1-k._14_et._7465668980,"Комната 15 м² в 1-к., 1/4 эт.",25000,1,15,"Камчатский край, Петропавловск-Камчатский, пр-т 50 лет Октября, 15/1",Бесплатно на 2 недели,22 июня 05:08,2025-12-14 15:20:14
rooms,https://www.avito.ru/kemerovo/komnaty/koyko-mesto_277_m_v_1-k._19_et._7663950429,"Койко-место 27,7 м² в 1-к., 1/9 эт.",100,1,27.7,"Кемеровская обл. — Кузбасс, Кемеровский г.о., Кемерово, Космическая ул., 27",Бесплатно на 1 месяц,27 сентября 19:56,2025-12-14 15:20:19
rooms,https://www.avito.ru/ekaterinburg/komnaty/komnata_12_m_v_5-k._15_et._3305529372,"Комната 12 м² в 5-к., 1/5 эт.",12000,5,12,"Свердловская обл., Екатеринбург, жилой район Сортировочный, мкр-н Старая Сортировка, Кишинёвская ул., 37",Бесплатно более 2 месяцев,8 сентября 2023,2025-12-14 15:20:24
rooms,https://www.avito.ru/ulyanovsk/komnaty/komnata_13_m_v_5-k._12_et._7733070195,"Комната 13 м² в 5-к., 1/2 эт.",11500,5,13,"Ульяновская обл., Ульяновск, ул. Шевченко, 87",Бесплатно на 2 месяца,3 ноября 12:13,2025-12-14 15:20:30
rooms,https://www.avito.ru/perm/komnaty/komnata_19_m_v_4-k._49_et._7680486821,"Комната 19 м² в 4-к., 4/9 эт.",15550,4,19,"Пермский край, Пермь, ул. Льва Лаврова, 14",Бесплатно на 1 неделю,23 сентября 06:27,2025-12-14 15:20:35
rooms,https://www.avito.ru/krasnoyarsk/komnaty/komnata_12_m_v_1-k._49_et._2741034927,"Комната 12 м² в 1-к., 4/9 эт.",13000,1,12,"Красноярский край, Красноярск, мкр-н Зелёная Роща, Джамбульская ул., 2Д",Бесплатно на 1 неделю,3 февраля 2023,2025-12-14 15:20:41
rooms,https://www.avito.ru/rostov-na-donu/komnaty/komnata_18_m_v_8-k._22_et._4297490882,"Комната 18 м² в 8-к., 2/2 эт.",1200,8,18,"Ростовская обл., Ростов-на-Дону, Танковый пер., 10",Бесплатно на 1 месяц,23 октября 2024,2025-12-14 15:20:45
rooms,https://www.avito.ru/himki/komnaty/koyko-mesto_18_m_v_1-k._99_et._7632780866,"Койко-место 18 м² в 1-к., 9/9 эт.",10000,1,18,"Московская обл., Химки, ул. Лавочкина, 8",Бесплатно на 1 неделю,12 сентября 16:48,2025-12-14 15:20:51
rooms,https://www.avito.ru/moskva/komnaty/koyko-mesto_15_m_24_et._2894241424,"Койко-место 15 м², 2/4 эт.",8000,,15,"Москва, Новомосковский административный округ, поселение Мосрентген, д. Дудкино, садоводческое некоммерческое товарищество Круиз, 4-я ул., 225",Бесплатно более 2 месяцев,24 марта 2023,2025-12-14 15:20:56
rooms,https://www.avito.ru/petropavlovsk-kamchatskiy/komnaty/komnata_18_m_v_4-k._55_et._4554576809,"Комната 18 м² в 4-к., 5/5 эт.",25000,4,18,"Камчатский край, Петропавловск-Камчатский, ул. Бохняка, 16/1",Бесплатно более 2 месяцев,25 февраля 07:36,2025-12-14 15:21:00
rooms,https://www.avito.ru/severodvinsk/komnaty/komnata_17_m_v_9-k._34_et._7821508424,"Комната 17 м² в 9-к., 3/4 эт.",8000,9,17,"Архангельская обл., Северодвинск, ул. Георгия Седова, 15",Бесплатно более 2 месяцев,25 октября 19:49,2025-12-14 15:21:04
rooms,https://www.avito.ru/sankt-peterburg/komnaty/komnata_15_m_22_et._7572123570,"Комната 15 м², 2/2 эт.",8000,,15,"Санкт-Петербург, пос. Парголово, Выборгское ш., 258Б",Бесплатно на 1 месяц,18 августа 12:14,2025-12-14 15:21:09
rooms,https://www.avito.ru/sankt-peterburg/komnaty/komnata_15_m_22_et._7572123570,"Комната 15 м², 2/2 эт.",8000,,15,"Санкт-Петербург, пос. Парголово, Выборгское ш., 258Б",Бесплатно на 1 месяц,18 августа 12:14,2025-12-14 15:21:29
rooms,https://www.avito.ru/kemerovo/komnaty/komnata_8_m_v_4-k._39_et._7526368179,"Комната 8 м² в 4-к., 3/9 эт.",9000,4,8,"Кемеровская обл., Кемеровский г.о., Кемерово, Октябрьский пр-т, 61",Бесплатно более 2 месяцев,31 июля 17:14,2025-12-14 15:21:34
rooms,https://www.avito.ru/chernyahovsk/komnaty/komnata_10_m_v_2-k._11_et._7449697977,"Комната 10 м² в 2-к., 1/1 эт.",3999,2,10,"Калининградская обл., Черняховский муниципальный округ, Черняховск, Дачная ул., 37к3",Бесплатно более 2 месяцев,11 июня 17:13,2025-12-14 15:21:39
rooms,https://www.avito.ru/rostov-na-donu/komnaty/komnata_18_m_v_8-k._22_et._4297490882,"Комната 18 м² в 8-к., 2/2 эт.",1200,8,18,"Ростовская обл., Ростов-на-Дону, Танковый пер., 10",Бесплатно на 1 месяц,23 октября 2024,2025-12-14 15:21:45
rooms,https://www.avito.ru/perm/komnaty/komnata_19_m_v_4-k._49_et._7680486821,"Комната 19 м² в 4-к., 4/9 эт.",15550,4,19,"Пермский край, Пермь, ул. Льва Лаврова, 14",Бесплатно на 1 неделю,23 сентября 06:27,2025-12-14 15:21:49
rooms,https://www.avito.ru/zubtsov/komnaty/komnata_18_m_v_1-k._22_et._2671226606,"Комната 18 м² в 1-к., 2/2 эт.",15000,1,18,"Тверская обл., Зубцовский муниципальный округ, Зубцов, ул. имени Павлова",Бесплатно на 1 месяц,24 декабря 2022,2025-12-14 15:21:53
rooms,https://www.avito.ru/langepas/komnaty/komnata_105_m_v_3-k._35_et._2291275236,"Комната 10,5 м² в 3-к., 3/5 эт.",10000,3,10.5,"Тюменская обл., Ханты-Мансийский АО, Лангепас, ул. Мира, 15",Бесплатно более 2 месяцев,11 ноября 2021,2025-12-14 15:21:57
rooms,https://www.avito.ru/moskva/komnaty/koyko-mesto_10_m_v_2-k._114_et._2243029538,"Койко-место 10 м² в 2-к., 1/14 эт.",4000,2,10,"Москва, ул. Введенского, 13к4",Бесплатно более 2 месяцев,3 ноября 2021,2025-12-14 15:22:03
rooms,https://www.avito.ru/odintsovo/komnaty/komnata_v_2-k._2222_et._7752285768,"Комната в 2-к., 22/22 эт.",20000,2,,"Московская обл., Одинцовский г.о., Одинцово, ул. Чистяковой, 66",Бесплатно более 2 месяцев,1 неделю назад,2025-12-14 15:22:08
rooms,https://www.avito.ru/moskovskaya_oblast_ivanteevka/komnaty/komnata_18_m_v_3-k._33_et._3458068975,"Комната 18 м² в 3-к., 3/3 эт.",16000,3,18,"Московская обл., г.о. Пушкинский, Ивантеевка, Чистопрудная ул., 19",Бесплатно более 2 месяцев,5 июля 2023,2025-12-14 15:22:13
rooms,https://www.avito.ru/rostov-na-donu/komnaty/komnata_20_m_v_2-k._216_et._4508881020,"Комната 20 м² в 2-к., 2/16 эт.",500,2,20,"Ростовская обл., Ростов-на-Дону, ул. Ерёменко, 101/1",Бесплатно более 2 месяцев,17 декабря 2024,2025-12-14 15:22:18
rooms,https://www.avito.ru/volodarskogo/komnaty/komnata_v_1-k._22_et._7771833166,"Комната в 1-к., 2/2 эт.",100,1,,"Московская обл., Ленинский г.о., пос. Володарского, Центральная ул., 24",Бесплатно более 2 месяцев,2 недели назад,2025-12-14 15:22:23
rooms,https://www.avito.ru/malahovka/komnaty/komnata_15_m_13_et._7624438744,"Комната 15 м², 1/3 эт.",7500,,15,"Московская обл., г.о. Люберцы, пгт. Малаховка, Быковское ш., 37/5",Бесплатно на 2 месяца,6 октября 12:27,2025-12-14 15:22:27
rooms,https://www.avito.ru/sverdlovskaya_oblast_berezovskiy/komnaty/komnata_12_m_v_4-k._33_et._4499298345,"Комната 12 м² в 4-к., 3/3 эт.",14000,4,12,"Свердловская обл., Берёзовский г.о., Берёзовский, мкр-н Шиловский, ул. Виктора Чечвия, 4",Бесплатно на 2 месяца,16 октября 2024,2025-12-14 15:22:32
rooms,https://www.avito.ru/mytischi/komnaty/komnata_15_m_v_3-k._29_et._7375707672,"Комната 15 м² в 3-к., 2/9 эт.",18000,3,15,"Московская обл., Мытищи, Юбилейная ул., 35к2",Бесплатно более 2 месяцев,11 мая 18:32,2025-12-14 15:22:37
rooms,https://www.avito.ru/sochi/komnaty/komnata_18_m_22_et._3492172232,"Комната 18 м², 2/2 эт.",18000,,18,"Краснодарский край, Сочи, жилой район Адлер, ул. Чкалова, 10/4",Бесплатно на 1 неделю,5 октября 2023,2025-12-14 15:22:42
rooms,https://www.avito.ru/lobnya/komnaty/komnata_20_m_v_3-k._23_et._7710597003,"Комната 20 м² в 3-к., 2/3 эт.",22000,3,20,"Московская обл., Лобня, Ольховая ул., 4Б",Бесплатно более 2 месяцев,30 октября 17:07,2025-12-14 15:22:47
rooms,https://www.avito.ru/kislovodsk/komnaty/komnata_50_m_v_2-k._12_et._7833762894,"Комната 50 м² в 2-к., 1/2 эт.",40000,2,50,"Ставропольский край, Кисловодск, Донская ул., 70",Бесплатно более 2 месяцев,7 дней назад,2025-12-14 15:22:51
rooms,https://www.avito.ru/sankt-peterburg/komnaty/koyko-mesto_15_m_19_et._7678617380,"Койко-место 15 м², 1/9 эт.",18000,,15,"Санкт-Петербург, Большая Пушкарская ул., 46",Бесплатно на 2 недели,27 октября 00:26,2025-12-14 15:22:55
rooms,https://www.avito.ru/sochi/komnaty/komnata_7_m_12_et._1846655594,"Комната 7 м², 1/2 эт.",12000,,7,"Краснодарский край, Сочи, мкр-н Культурное Уч-Дере",Бесплатно более 2 месяцев,5 ноября 2019,2025-12-14 15:23:00
rooms,https://www.avito.ru/moskva/komnaty/koyko-mesto_18_m_v_2-k._412_et._3624604311,"Койко-место 18 м² в 2-к., 4/12 эт.",15000,2,18,"Москва, Привольная ул., 73к1",Бесплатно более 2 месяцев,27 февраля 2024,2025-12-14 15:23:05
rooms,https://www.avito.ru/sochi/komnaty/komnata_14_m_12_et._2141621562,"Комната 14 м², 1/2 эт.",15000,,14,"Краснодарский край, г.о. Сочи, с. Высокое, Мурманская ул., 4",Бесплатно более 2 месяцев,21 апреля 2021,2025-12-14 15:23:09
rooms,https://www.avito.ru/moskva/komnaty/koyko-mesto_24_m_v_4-k._19_et._7403475872,"Койко-место 24 м² в 4-к., 1/9 эт.",16991,4,24,"Москва, Волгоградский пр-т, 78",Бесплатно более 2 месяцев,1 июня 19:08,2025-12-14 15:23:15
rooms,https://www.avito.ru/moskva/komnaty/komnata_24_m_v_2-k._817_et._7485018323,"Комната 24 м² в 2-к., 8/17 эт.",36000,2,24,"Москва, Новомосковский административный округ, поселение Внуковское, ул. Корнея Чуковского, 1",Бесплатно более 2 месяцев,20 июля 13:53,2025-12-14 15:23:21
rooms,https://www.avito.ru/moskva/komnaty/komnata_20_m_v_5-k._1415_et._7581634319,"Комната 20 м² в 5-к., 14/15 эт.",10000,5,20,"Москва, Истринская ул., 8к3",Бесплатно более 2 месяцев,29 августа 16:52,2025-12-14 15:23:27
rooms,https://www.avito.ru/yaroslavl/komnaty/komnata_16_m_v_2-k._25_et._7740983139,"Комната 16 м² в 2-к., 2/5 эт.",13500,2,16,"Ярославская обл., Ярославль, ул. Ньютона, 28Б",Бесплатно более 2 месяцев,3 недели назад,2025-12-14 15:23:31
rooms,https://www.avito.ru/boksitogorsk/komnaty/komnata_15_m_v_3-k._24_et._7728871906,"Комната 15 м² в 3-к., 2/4 эт.",10000,3,15,"Ленинградская обл., Бокситогорский р-н, Бокситогорское городское поселение, Бокситогорск, Заводская ул., 7",Бесплатно более 2 месяцев,21 октября 15:53,2025-12-14 15:23:36
rooms,https://www.avito.ru/domodedovo/komnaty/koyko-mesto_15_m_12_et._4820362425,"Койко-место 15 м², 1/2 эт.",11700,,15,"Московская обл., Домодедово, мкр-н Северный, 3-й Московский пр., 8",Бесплатно на 1 неделю,7 марта 03:00,2025-12-14 15:23:42
rooms,https://www.avito.ru/kraskovo/komnaty/koyko-mesto_61_m_v_2-k._813_et._7495096008,"Койко-место 61 м² в 2-к., 8/13 эт.",6000,2,61,"Московская обл., г.о. Люберцы, пгт. Красково, 2-я Заводская ул., 22",Бесплатно более 2 месяцев,19 июля 23:11,2025-12-14 15:23:48
rooms,https://www.avito.ru/krasnoyarskiy_kray_zheleznogorsk/komnaty/komnata_24_m_12_et._4525990129,"Комната 24 м², 1/2 эт.",8000,,24,"Красноярский край, Железногорск, Поселковая ул., 15",Бесплатно более 2 месяцев,20 ноября 2024,2025-12-14 15:23:52
rooms,https://www.avito.ru/kotelniki/komnaty/koyko-mesto_12_m_v_3-k._1113_et._7618467377,"Койко-место 12 м² в 3-к., 11/13 эт.",10000,3,12,"Московская обл., Котельники, мкр-н Белая Дача, 24",Бесплатно более 2 месяцев,31 августа 15:37,2025-12-14 15:23:57
rooms,https://www.avito.ru/chelyabinsk/komnaty/komnata_18_m_v_3-k._34_et._7658537558,"Комната 18 м² в 3-к., 3/4 эт.",15005,3,18,"Челябинская обл., Челябинск, ул. 40-летия Октября, 16",Бесплатно более 2 месяцев,12 сентября 13:36,2025-12-14 15:24:02
rooms,https://www.avito.ru/tomilino/komnaty/komnata_15_m_22_et._1814843762,"Комната 15 м², 2/2 эт.",10000,,15,"Московская обл., г.о. Люберцы, рп. Томилино, Пионерская ул., 1А",Бесплатно на 2 месяца,13 октября 2019,2025-12-14 15:24:08
rooms,https://www.avito.ru/sankt-peterburg/komnaty/komnata_v_3-k._23_et._7844990560,"Комната в 3-к., 2/3 эт.",15000,3,,"Санкт-Петербург, ул. Танкиста Хрустицкого, 72",Бесплатно более 2 месяцев,3 недели назад,2025-12-14 15:24:13
rooms,https://www.avito.ru/inta/komnaty/komnata_45_m_v_2-k._45_et._7694896893,"Комната 45 м² в 2-к., 4/5 эт.",8000,2,45,"Республика Коми, Инта, Воркутинская ул., 6",Бесплатно более 2 месяцев,20 октября 00:08,2025-12-14 15:24:19
rooms,https://www.avito.ru/luga/komnaty/koyko-mesto_24_m_12_et._7741406718,"Койко-место 24 м², 1/2 эт.",600,,24,"Ленинградская обл., Лужский р-н, Толмачёвское городское поселение, д. Новые Крупели, Лужская ул., 16",Бесплатно более 2 месяцев,2 недели назад,2025-12-14 15:24:24
rooms,https://www.avito.ru/kurdzhinovo/komnaty/komnata_v_2-k._12_et._7741457343,"Комната в 2-к., 1/2 эт.",15000,2,,"Карачаево-Черкесская Республика, Урупский р-н, с. Курджиново, ул. Ленина, 106",Бесплатно более 2 месяцев,3 недели назад,2025-12-14 15:24:30
rooms,https://www.avito.ru/zhukovskiy/komnaty/koyko-mesto_25_m_44_et._7598884062,"Койко-место 25 м², 4/4 эт.",500,,25,"Московская обл., Жуковский, Нижегородская ул., 4Б",Бесплатно более 2 месяцев,28 августа 22:50,2025-12-14 15:24:34
rooms,https://www.avito.ru/uzlovaya/komnaty/komnata_18_m_11_et._7693276746,"Комната 18 м², 1/1 эт.",12000,,18,"Тульская обл., Узловский р-н, городское поселение Узловая, Узловая, ул. Дзержинского, 9",Бесплатно более 2 месяцев,2 сентября 18:59,2025-12-14 15:24:39
rooms,https://www.avito.ru/obninsk/komnaty/komnata_16_m_v_8-k._34_et._4579097042,"Комната 16 м² в 8-к., 3/4 эт.",15000,8,16,"Калужская обл., Обнинск, ул. Красных Зорь, 13",Бесплатно на 2 месяца,27 января 18:35,2025-12-14 15:24:44
rooms,https://www.avito.ru/moskovskaya_oblast_krasnoznamensk/komnaty/komnata_20_m_v_2-k._22_et._7720147164,"Комната 20 м² в 2-к., 2/2 эт.",30000,2,20,"Москва, Новомосковский административный округ, р-н Внуково, д. Крёкшино, Школьная ул., 20",Бесплатно более 2 месяцев,15 ноября 08:38,2025-12-14 15:24:48
rooms,https://www.avito.ru/toropets/komnaty/komnata_137_m_v_1-k._45_et._4499480957,"Комната 13,7 м² в 1-к., 4/5 эт.",440000,1,13.7,"Тверская обл., Торопецкий муниципальный округ, Торопец, ул. Карла Маркса, 73",Бесплатно более 2 месяцев,19 октября 2024,2025-12-14 15:24:52
rooms,https://www.avito.ru/moskva/komnaty/koyko-mesto_18_m_v_3-k._49_et._7627495718,"Койко-место 18 м² в 3-к., 4/9 эт.",16994,3,18,"Москва, ул. Сергия Радонежского, 4",Бесплатно более 2 месяцев,6 сентября 21:13,2025-12-14 15:24:56
rooms,https://www.avito.ru/dzerzhinskiy/komnaty/komnata_15_m_v_2-k._69_et._7443154106,"Комната 15 м² в 2-к., 6/9 эт.",20000,2,15,"Московская обл., Дзержинский, Спортивная ул., 10",Бесплатно на 1 неделю,6 июня 05:24,2025-12-14 15:25:00
rooms,https://www.avito.ru/moskva/komnaty/komnata_14_m_v_2-k._19_et._7399548365,"Комната 14 м² в 2-к., 1/9 эт.",4000,2,14,"Москва, Плетешковский пер., 12-16",Бесплатно более 2 месяцев,11 июня 21:04,2025-12-14 15:25:08
rooms,https://www.avito.ru/sergiev_posad/komnaty/koyko-mesto_17_m_v_1-k._35_et._7885667909,"Койко-место 17 м² в 1-к., 3/5 эт.",2000,1,17,"Московская обл., Сергиево-Посадский г.о., Сергиев Посад, Владимирская ул., 7к1",Бесплатно более 2 месяцев,2 недели назад,2025-12-14 15:25:14
rooms,https://www.avito.ru/odintsovo/komnaty/komnata_18_m_v_1-k._1314_et._7505917405,"Комната 18 м² в 1-к., 13/14 эт.",5000,1,18,"Московская обл., Одинцовский г.о., пгт. ВНИИССОК, 6",Бесплатно более 2 месяцев,17 июля 10:58,2025-12-14 15:25:19
houses,https://www.avito.ru/kosterevo/doma_dachi_kottedzhi/dom_102_m_na_uchastke_20_sot._3844356450,Дом 102 м² на участке 20 сот.,10000,,102,"Владимирская обл., Петушинский р-н, муниципальное образование Пекшинское",Бесплатно более 2 месяцев,21 февраля 2024,2025-12-14 15:25:38
houses,https://www.avito.ru/malino/doma_dachi_kottedzhi/dom_60_m_na_uchastke_12_sot._7640433993,Дом 60 м² на участке 12 сот.,1000,,60,"Московская обл., г.о. Ступино, с. Бортниково, Советская ул.",Бесплатно на 1 неделю,14 сентября 07:43,2025-12-14 15:25:44
houses,https://www.avito.ru/krasnodar/doma_dachi_kottedzhi/dom_40_m_na_uchastke_2_sot._3594731377,Дом 40 м² на участке 2 сот.,20000,,40,"Краснодарский край, Краснодар, Западный внутригородской округ, ул. Мичурина, 31",Бесплатно более 2 месяцев,27 января 2024,2025-12-14 15:25:51
houses,https://www.avito.ru/toksovo/doma_dachi_kottedzhi/dacha_90_m_na_uchastke_9_sot._2213958915,Дача 90 м² на участке 9 сот.,50000,,90,"Ленинградская обл., Всеволожский р-н, Лесколовское сельское поселение, СНТ Моряк",Бесплатно на 1 месяц,26 сентября 2021,2025-12-14 15:25:56
houses,https://www.avito.ru/sankt-peterburg_peterhof/doma_dachi_kottedzhi/dom_42_m_na_uchastke_10_sot._7780302228,Дом 42 м² на участке 10 сот.,30000,,42,"Ленинградская обл., Ломоносовский р-н, Низинское сельское поселение, д. Сашино, Сиреневая ул.",Бесплатно более 2 месяцев,1 неделю назад,2025-12-14 15:26:02
houses,https://www.avito.ru/eysk/doma_dachi_kottedzhi/dom_55_m_na_uchastke_25_sot._7859094559,Дом 55 м² на участке 25 сот.,1,,55,"Краснодарский край, Ейский р-н, Ейское городское поселение, Ейск, Приморская наб.",Бесплатно на 2 месяца,3 дня назад,2025-12-14 15:26:07
houses,https://www.avito.ru/novokuznetsk/doma_dachi_kottedzhi/dom_30_m_na_uchastke_10_sot._7917478172,Дом 30 м² на участке 10 сот.,100,,30,"Кемеровская обл. — Кузбасс, Новокузнецкий г.о., Новокузнецк, Перелесская ул., 3",Бесплатно более 2 месяцев,3 дня назад,2025-12-14 15:26:12
houses,https://www.avito.ru/lihoslavl/doma_dachi_kottedzhi/dom_50_m_na_uchastke_30_sot._7704398843,Дом 50 м² на участке 30 сот.,1000,,50,"Тверская обл., Калининский муниципальный округ, д. Порожки",Бесплатно более 2 месяцев,10 октября 21:05,2025-12-14 15:26:18
houses,https://www.avito.ru/malahovka/doma_dachi_kottedzhi/dom_50_m_na_uchastke_35_sot._1843291089,"Дом 50 м² на участке 3,5 сот.",40000,,50,"Московская обл., г.о. Люберцы, рп. Малаховка, Касимовское ш., 7А",Бесплатно более 2 месяцев,2 ноября 2019,2025-12-14 15:26:22
houses,https://www.avito.ru/sochi/doma_dachi_kottedzhi/dom_765_m_na_uchastke_68_sot._4313394995,"Дом 76,5 м² на участке 6,8 сот.",40000,,76.5,"Краснодарский край, г.о. Сочи, с. Казачий Брод, садоводческое товарищество Электроника, 5",Бесплатно на 1 неделю,2 октября 2024,2025-12-14 15:26:28
houses,https://www.avito.ru/krasnodar/doma_dachi_kottedzhi/dacha_62_m_na_uchastke_4_sot._1845112511,Дача 62 м² на участке 4 сот.,10000,,62,"Краснодарский край, г.о. Краснодар, пос. Индустриальный, Миргородская ул., 54",Бесплатно более 2 месяцев,21 ноября 2019,2025-12-14 15:26:34
houses,https://www.avito.ru/vologda/doma_dachi_kottedzhi/dacha_30_m_na_uchastke_8_sot._2419272667,Дача 30 м² на участке 8 сот.,6000,,30,"Вологодская обл., Вологда, садоводческое товарищество Бережок",Бесплатно на 2 месяца,23 апреля 2022,2025-12-14 15:26:39
houses,https://www.avito.ru/leningradskaya_oblast_primorsk/doma_dachi_kottedzhi/dom_42_m_na_uchastke_136_sot._2814370728,"Дом 42 м² на участке 13,6 сот.",34900,,42,"Ленинградская обл., Выборгский р-н, Приморское городское поселение, пос. Вязы, Сказочный пр.",Бесплатно на 1 месяц,20 марта 2023,2025-12-14 15:26:43
houses,https://www.avito.ru/rylsk/doma_dachi_kottedzhi/dom_48_m_na_uchastke_15_sot._3954621906,Дом 48 м² на участке 15 сот.,1000,,48,"Курская обл., 38Н-705",Бесплатно более 2 месяцев,24 марта 2024,2025-12-14 15:26:49
houses,https://www.avito.ru/sochi/doma_dachi_kottedzhi/dom_27_m_na_uchastke_4_sot._7685310074,Дом 27 м² на участке 4 сот.,25000,,27,"Краснодарский край, г.о. Сочи, с. Черешня, Пермская ул., 40",Бесплатно более 2 месяцев,20 сентября 09:05,2025-12-14 15:26:54
houses,https://www.avito.ru/derbent/doma_dachi_kottedzhi/dom_45_m_na_uchastke_4_ga_1462278916,Дом 45 м² на участке 4 га,10000,,45,"Республика Дагестан, Дербент, Садовая ул., 6",Бесплатно более 2 месяцев,16 сентября 2018,2025-12-14 15:26:59
houses,https://www.avito.ru/luga/doma_dachi_kottedzhi/dom_38_m_na_uchastke_3_sot._7768288779,Дом 38 м² на участке 3 сот.,1000,,38,"Ленинградская обл., Лужский р-н, Заклинское сельское поселение, д. Заклинье",Бесплатно более 2 месяцев,13 ноября 16:20,2025-12-14 15:27:04
houses,https://www.avito.ru/mahachkala/doma_dachi_kottedzhi/dom_320_m_na_uchastke_2_sot._7537580750,Дом 320 м² на участке 2 сот.,200000,,320,"Республика Дагестан, Махачкала, ул. Ахлакова, 6",Бесплатно на 1 неделю,16 августа 13:07,2025-12-14 15:27:09
houses,https://www.avito.ru/dmitrievskoe/doma_dachi_kottedzhi/dom_827_m_na_uchastke_15_sot._7431350595,"Дом 82,7 м² на участке 15 сот.",5000,,82.7,"Ставропольский край, Ипатовский муниципальный округ, с. Новоандреевское, ул. Ленина",Бесплатно более 2 месяцев,22 июня 16:57,2025-12-14 15:27:14
houses,https://www.avito.ru/leskolovo/doma_dachi_kottedzhi/dom_35_m_na_uchastke_67_sot._7359406294,"Дом 35 м² на участке 6,7 сот.",50000,,35,"Ленинградская обл., Всеволожский р-н, Куйвозовское сельское поселение, массив Екатериновка, Петровская ул., 26",Бесплатно на 1 месяц,11 мая 21:20,2025-12-14 15:27:20
houses,https://www.avito.ru/zelenogradsk/doma_dachi_kottedzhi/dom_50_m_na_uchastke_6_sot._7566479491,Дом 50 м² на участке 6 сот.,25000,,50,"Калининградская обл., Зеленоградский муниципальный округ, Зеленоградск, Ботаническая ул., 32",Бесплатно более 2 месяцев,16 августа 14:13,2025-12-14 15:27:26
houses,https://www.avito.ru/ob/doma_dachi_kottedzhi/dom_120_m_na_uchastke_5_sot._7765481857,Дом 120 м² на участке 5 сот.,50000,,120,"Новосибирская обл., Новосибирский р-н, Толмачёвский сельсовет, с. Красноглинное",Бесплатно более 2 месяцев,13 ноября 18:14,2025-12-14 15:27:32
houses,https://www.avito.ru/stavropolskiy_kray_zavetnoe/doma_dachi_kottedzhi/dom_80_m_na_uchastke_100_sot._3474702020,Дом 80 м² на участке 100 сот.,3000,,80,"Краснодарский край, Успенский р-н, Успенское сельское поселение, хутор Лок, ул. Демьяна Бедного, 11",Бесплатно более 2 месяцев,7 сентября 2023,2025-12-14 15:27:37
houses,https://www.avito.ru/kokoshkino/doma_dachi_kottedzhi/dom_175_m_na_uchastke_6_sot._4334390602,Дом 175 м² на участке 6 сот.,19000,,175,"Москва, Новомосковский административный округ, р-н Внуково, дп. Кокошкино, ул. Гагарина, 8",Бесплатно более 2 месяцев,7 сентября 2024,2025-12-14 15:27:43
houses,https://www.avito.ru/kirsanov/doma_dachi_kottedzhi/dom_664_m_na_uchastke_40_sot._7381426138,"Дом 66,4 м² на участке 40 сот.",10000,,66.4,"Тамбовская обл., Гавриловский муниципальный округ, с. Вельможка, 89",Бесплатно более 2 месяцев,11 мая 10:34,2025-12-14 15:27:47
houses,https://www.avito.ru/hanskaya/doma_dachi_kottedzhi/kottedzh_30_m_na_uchastke_21_sot._1016759110,Коттедж 30 м² на участке 21 сот.,19500,,30,"Республика Адыгея (Адыгея), г.о. Майкоп, станица Ханская, Огородная ул., 2",Бесплатно более 2 месяцев,18 декабря 2017,2025-12-14 15:27:52
houses,https://www.avito.ru/novopetrovskoe/doma_dachi_kottedzhi/dom_100_m_na_uchastke_24_sot._2265833857,Дом 100 м² на участке 24 сот.,31000,,100,"Московская обл., река Тростня",Бесплатно на 1 месяц,20 ноября 2021,2025-12-14 15:27:57
houses,https://www.avito.ru/perm/doma_dachi_kottedzhi/dom_300_m_na_uchastke_14_sot._4406215776,Дом 300 м² на участке 14 сот.,150000,,300,"Пермский край, Пермь, Средняя ул.",Бесплатно более 2 месяцев,13 декабря 2024,2025-12-14 15:28:03
houses,https://www.avito.ru/vologda/doma_dachi_kottedzhi/dom_50_m_na_uchastke_35_sot._7474130075,"Дом 50 м² на участке 3,5 сот.",15000,,50,"Вологодская обл., Вологда, ул. Ветошкина, 35А",Бесплатно более 2 месяцев,9 июля 01:21,2025-12-14 15:28:08
houses,https://www.avito.ru/gubkinskiy/doma_dachi_kottedzhi/dom_740_m_na_uchastke_4_sot._4508775575,Дом 740 м² на участке 4 сот.,170000,,740,"Тюменская обл., Ямало-Ненецкий АО, Губкинский, 16-й мкр-н, 5",Бесплатно более 2 месяцев,22 декабря 2024,2025-12-14 15:28:13
houses,https://www.avito.ru/mishelevka/doma_dachi_kottedzhi/dom_16_m_na_uchastke_10_sot._4597489427,Дом 16 м² на участке 10 сот.,5000,,16,"Иркутская обл., Черемховский р-н, Узколугское муниципальное образование, с. Узкий Луг, Береговая ул.",Бесплатно на 1 неделю,8 марта 11:46,2025-12-14 15:28:19
houses,https://www.avito.ru/konakovo/doma_dachi_kottedzhi/kottedzh_150_m_na_uchastke_8_sot._7756882584,Коттедж 150 м² на участке 8 сот.,25000,,150,"Тверская обл., Конаковский муниципальный округ, д. Вахонино, 1-й Торговый пр.",Бесплатно более 2 месяцев,2 недели назад,2025-12-14 15:28:24
houses,https://www.avito.ru/moskovskaya_oblast_krasnogorsk/doma_dachi_kottedzhi/dom_72_m_na_uchastke_6_sot._4399807108,Дом 72 м² на участке 6 сот.,72000,,72,"Московская обл., г.о. Красногорск, садовое товарищество Берёзка, Васильковая ул.",Бесплатно более 2 месяцев,26 сентября 2024,2025-12-14 15:28:28
houses,https://www.avito.ru/pochep/doma_dachi_kottedzhi/dom_522_m_na_uchastke_633_sot._7707053018,"Дом 52,2 м² на участке 63,3 сот.",10000,,52.2,"Брянская обл., Почепский р-н, Первомайское сельское поселение, с. Первомайское, Советская ул., 87",Бесплатно на 1 месяц,9 октября 16:53,2025-12-14 15:28:34
houses,https://www.avito.ru/tomilino/doma_dachi_kottedzhi/dom_30_m_na_uchastke_3_sot._3555793937,Дом 30 м² на участке 3 сот.,35000,,30,"Московская обл., г.о. Люберцы, пгт. Жилино-1",Бесплатно на 1 неделю,25 октября 2023,2025-12-14 15:28:38
houses,https://www.avito.ru/krasnodar/doma_dachi_kottedzhi/dom_240_m_na_uchastke_6_sot._7677182873,Дом 240 м² на участке 6 сот.,65000,,240,"Краснодарский край, Краснодар, Островная ул., 14",Бесплатно более 2 месяцев,12 октября 12:19,2025-12-14 15:28:42
houses,https://www.avito.ru/dmitrov/doma_dachi_kottedzhi/dom_120_m_na_uchastke_75_sot._7760486479,"Дом 120 м² на участке 7,5 сот.",37600,,120,"Московская обл., Дмитровский муниципальный округ, с. Орудьево, 11",Бесплатно на 2 месяца,6 ноября 18:40,2025-12-14 15:28:47
houses,https://www.avito.ru/velikiy_ustyug/doma_dachi_kottedzhi/dom_64_m_na_uchastke_15_sot._3712270584,Дом 64 м² на участке 15 сот.,35000,,64,"Вологодская обл., Великоустюгский муниципальный округ, пос. Валга, Полевая ул., 5",Бесплатно на 1 неделю,16 февраля 2024,2025-12-14 15:28:53
houses,https://www.avito.ru/rostovskaya_oblast_nikolaevka/doma_dachi_kottedzhi/dom_55_m_na_uchastke_50_sot._557541057,Дом 55 м² на участке 50 сот.,100,,55,"Ростовская обл., Неклиновский р-н, Большенеклиновское сельское поселение, хутор Кунделекино",Бесплатно более 2 месяцев,23 апреля 2015,2025-12-14 15:28:59
houses,https://www.avito.ru/alupka/doma_dachi_kottedzhi/kottedzh_32_m_na_uchastke_3_sot._3397969528,Коттедж 32 м² на участке 3 сот.,25000,,32,"Севастополь, Балаклавский р-н, Орлиновский муниципальный округ, с. Павловка, Подлесная ул., 11",Бесплатно более 2 месяцев,23 августа 2023,2025-12-14 15:29:03
houses,https://www.avito.ru/sysert/doma_dachi_kottedzhi/dom_76_m_na_uchastke_8_sot._7803961980,Дом 76 м² на участке 8 сот.,10000,,76,"Свердловская обл., Сысертский муниципальный округ, Сысерть, ул. Ленина, 21",Бесплатно на 1 месяц,2 недели назад,2025-12-14 15:29:07
houses,https://www.avito.ru/noginsk/doma_dachi_kottedzhi/dom_70_m_na_uchastke_5_sot._4576855350,Дом 70 м² на участке 5 сот.,80000,,70,"Московская обл., Богородский г.о., д. Починки, Пятницкая ул., 35",Бесплатно на 1 неделю,28 января 12:39,2025-12-14 15:29:12
houses,https://www.avito.ru/belyy/doma_dachi_kottedzhi/dom_70_m_na_uchastke_50_sot._4095865128,Дом 70 м² на участке 50 сот.,500,,70,"Тверская обл., Бельский муниципальный округ, д. Скерино, Центральная ул.",Бесплатно более 2 месяцев,13 июля 2024,2025-12-14 15:29:18
houses,https://www.avito.ru/ufa/doma_dachi_kottedzhi/kottedzh_130_m_na_uchastke_6_sot._7656675221,Коттедж 130 м² на участке 6 сот.,40000,,130,"Республика Башкортостан, г.о. Уфа, д. Жилино, Степная ул., 28",Бесплатно более 2 месяцев,23 октября 08:27,2025-12-14 15:29:24
houses,https://www.avito.ru/prokopevsk/doma_dachi_kottedzhi/dom_56_m_na_uchastke_15_sot._2206003580,Дом 56 м² на участке 15 сот.,1000,,56,"Кемеровская обл. — Кузбасс, Прокопьевский г.о., Прокопьевск, Соколовский пер., 15",Бесплатно более 2 месяцев,28 сентября 2021,2025-12-14 15:29:29
houses,https://www.avito.ru/domodedovo/doma_dachi_kottedzhi/dom_120_m_na_uchastke_7_sot._7803289048,Дом 120 м² на участке 7 сот.,20000,,120,"Московская обл., Домодедово, КП Кузьминский, 131",Бесплатно на 1 месяц,7 дней назад,2025-12-14 15:29:34
houses,https://www.avito.ru/rzhev/doma_dachi_kottedzhi/dom_50_m_na_uchastke_17_sot._1966148991,Дом 50 м² на участке 17 сот.,5000,,50,"Тверская обл., Ржевский муниципальный округ, д. Семашка",Бесплатно более 2 месяцев,29 июня 2020,2025-12-14 15:29:38
houses,https://www.avito.ru/olenino/doma_dachi_kottedzhi/dom_70_m_na_uchastke_30_sot._7692304234,Дом 70 м² на участке 30 сот.,2000,,70,"Тверская обл., Оленинский муниципальный округ, д. Волково (Холмецкое сельское поселение)",Бесплатно более 2 месяцев,24 октября 19:55,2025-12-14 15:29:43
houses,https://www.avito.ru/novosergievka/doma_dachi_kottedzhi/dom_85_m_na_uchastke_10_sot._7329916349,Дом 85 м² на участке 10 сот.,2500,,85,"Оренбургская обл., Новосергиевский р-н, Новосергиевский поссовет, пос. Новосергиевка, ул. Льва Толстого, 1А",Бесплатно на 1 неделю,24 апреля 17:26,2025-12-14 15:29:49
houses,https://www.avito.ru/kostomuksha/doma_dachi_kottedzhi/dom_80_m_na_uchastke_8_sot._2643054491,Дом 80 м² на участке 8 сот.,30000,,80,"Республика Карелия, Костомукшский муниципальный округ, пос. Заречный, ул. Геологов",Бесплатно на 2 месяца,10 ноября 2022,2025-12-14 15:29:54
houses,https://www.avito.ru/yaroslavskaya_oblast_petrovskoe/doma_dachi_kottedzhi/dom_34_m_na_uchastke_29_sot._2563820177,Дом 34 м² на участке 29 сот.,5000,,34,"Ярославская обл., Ростовский р-н, сельское поселение Петровское, с. Боровицы, 6",,9 октября 2022,2025-12-14 15:30:20
houses,https://www.avito.ru/kursk/doma_dachi_kottedzhi/dom_62_m_na_uchastke_2_sot._4162607415,Дом 62 м² на участке 2 сот.,28000,,62,"Курская обл., Курск, ул. Димитрова, 38",Бесплатно на 1 неделю,20 августа 2024,2025-12-14 15:30:26
houses,https://www.avito.ru/rzhev/doma_dachi_kottedzhi/dom_50_m_na_uchastke_17_sot._1966148991,Дом 50 м² на участке 17 сот.,5000,,50,"Тверская обл., Ржевский муниципальный округ, д. Семашка",Бесплатно более 2 месяцев,29 июня 2020,2025-12-14 15:30:33
houses,https://www.avito.ru/atyashevo/doma_dachi_kottedzhi/dom_60_m_na_uchastke_50_sot._7392210010,Дом 60 м² на участке 50 сот.,10000,,60,"Республика Мордовия, Атяшевский р-н, Большеманадышское сельское поселение, с. Большие Манадыши, Октябрьская ул., 76",Бесплатно более 2 месяцев,31 мая 13:24,2025-12-14 15:30:39
houses,https://www.avito.ru/krasnodar/doma_dachi_kottedzhi/dom_240_m_na_uchastke_6_sot._7677182873,Дом 240 м² на участке 6 сот.,65000,,240,"Краснодарский край, Краснодар, Островная ул., 14",Бесплатно более 2 месяцев,12 октября 12:19,2025-12-14 15:30:44
houses,https://www.avito.ru/mariupol/doma_dachi_kottedzhi/taunhaus_47_m_na_uchastke_2_sot._3733320542,Таунхаус 47 м² на участке 2 сот.,49900,,47,"Мариупольская городская община, Мариуполь, жилищно-строительный кооператив Бригантина, 207",Бесплатно более 2 месяцев,11 апреля 2024,2025-12-14 15:30:51
houses,https://www.avito.ru/sankt-peterburg_peterhof/doma_dachi_kottedzhi/dom_42_m_na_uchastke_10_sot._7780302228,Дом 42 м² на участке 10 сот.,30000,,42,"Ленинградская обл., Ломоносовский р-н, Низинское сельское поселение, д. Сашино, Сиреневая ул.",Бесплатно более 2 месяцев,1 неделю назад,2025-12-14 15:30:57
houses,https://www.avito.ru/simferopol/doma_dachi_kottedzhi/dom_38_m_na_uchastke_1_sot._7613128108,Дом 38 м² на участке 1 сот.,18000,,38,"Республика Крым, Симферополь, Голубиная ул., 16",Бесплатно более 2 месяцев,19 сентября 16:10,2025-12-14 15:31:02
houses,https://www.avito.ru/bolsheustikinskoe/doma_dachi_kottedzhi/dom_80_m_na_uchastke_27_sot._3942047995,Дом 80 м² на участке 27 сот.,100,,80,"Свердловская обл., Артинский г.о., с. Малая Тавра, Советская ул.",Бесплатно более 2 месяцев,13 марта 2024,2025-12-14 15:31:07
houses,https://www.avito.ru/noginsk/doma_dachi_kottedzhi/dom_70_m_na_uchastke_5_sot._4576855350,Дом 70 м² на участке 5 сот.,80000,,70,"Московская обл., Богородский г.о., д. Починки, Пятницкая ул., 35",Бесплатно на 1 неделю,28 января 12:39,2025-12-14 15:31:14
houses,https://www.avito.ru/prokopevsk/doma_dachi_kottedzhi/dom_56_m_na_uchastke_15_sot._2206003580,Дом 56 м² на участке 15 сот.,1000,,56,"Кемеровская обл. — Кузбасс, Прокопьевский г.о., Прокопьевск, Соколовский пер., 15",Бесплатно более 2 месяцев,28 сентября 2021,2025-12-14 15:31:21
houses,https://www.avito.ru/kaluzhskaya_oblast_kirov/doma_dachi_kottedzhi/dom_137_m_na_uchastke_31_sot._7782590090,Дом 137 м² на участке 31 сот.,5000,,137,"Калужская обл., Барятинский муниципальный округ, сельское поселение Асмолово, с. Новое Село, Красносельская ул., 44",Бесплатно более 2 месяцев,2 недели назад,2025-12-14 15:31:27
houses,https://www.avito.ru/lipetskaya_oblast_donskoe/doma_dachi_kottedzhi/dom_45_m_na_uchastke_21_sot._7487622023,Дом 45 м² на участке 21 сот.,1000,,45,"Липецкая обл., Задонский р-н, Скорняковский сельсовет, с. Скорняково",Бесплатно на 2 месяца,23 июня 14:09,2025-12-14 15:31:32
houses,https://www.avito.ru/sankt-peterburg_pavlovsk/doma_dachi_kottedzhi/dom_25_m_na_uchastke_1_sot._7268146496,Дом 25 м² на участке 1 сот.,20000,,25,"Санкт-Петербург, Пушкинский р-н, Павловск, исторический район Матросская Слобода",Бесплатно более 2 месяцев,31 марта 20:51,2025-12-14 15:31:38
houses,https://www.avito.ru/essentuki/doma_dachi_kottedzhi/dom_100_m_na_uchastke_5_sot._4491415114,Дом 100 м² на участке 5 сот.,25000,,100,"Ставропольский край, Ессентуки, Мельничная ул., 17/1",Бесплатно более 2 месяцев,23 января 12:31,2025-12-14 15:31:44
houses,https://www.avito.ru/pychas/doma_dachi_kottedzhi/dom_658_m_na_uchastke_22_sot._7347076123,"Дом 65,8 м² на участке 22 сот.",3000,,65.8,"Удмуртская Республика, Увинский р-н, с. Красное, Лесная ул., 16",Бесплатно более 2 месяцев,26 апреля 10:02,2025-12-14 15:31:51
houses,https://www.avito.ru/elektrogorsk/doma_dachi_kottedzhi/dom_142_m_na_uchastke_25_sot._7590738277,Дом 142 м² на участке 25 сот.,50000,,142,"Московская обл., Павлово-Посадский г.о., Электрогорск",Бесплатно на 1 неделю,26 августа 11:16,2025-12-14 15:31:56
houses,https://www.avito.ru/voyvozh/doma_dachi_kottedzhi/dom_36_m_na_uchastke_33_sot._3631176953,Дом 36 м² на участке 33 сот.,10000,,36,"Республика Коми, муниципальный округ Ухта, д. Изваиль",Бесплатно более 2 месяцев,23 декабря 2023,2025-12-14 15:32:02
houses,https://www.avito.ru/markova/doma_dachi_kottedzhi/dom_500_m_na_uchastke_18_sot._2456636460,Дом 500 м² на участке 18 сот.,300000,,500,"Иркутская обл., Иркутский р-н, Марковское муниципальное образование, рп. Маркова, Кайская ул., 51",Бесплатно более 2 месяцев,16 июня 2022,2025-12-14 15:32:07
houses,https://www.avito.ru/novosibirsk/doma_dachi_kottedzhi/dacha_40_m_na_uchastke_6_sot._2460778263,Дача 40 м² на участке 6 сот.,15800,,40,"Новосибирская обл., Новосибирск, товарищество собственников недвижимости Строитель, 65",Бесплатно на 1 неделю,26 июня 2022,2025-12-14 15:32:13
houses,https://www.avito.ru/ershichi/doma_dachi_kottedzhi/dacha_70_m_na_uchastke_45_sot._4197671795,Дача 70 м² на участке 45 сот.,5000,,70,"Смоленская обл., Рославльский муниципальный округ, Пригорьевское сельское поселение, д. Бехово",Бесплатно более 2 месяцев,17 июня 2024,2025-12-14 15:32:18
houses,https://www.avito.ru/barda/doma_dachi_kottedzhi/kottedzh_100_m_na_uchastke_5_sot._2322861935,Коттедж 100 м² на участке 5 сот.,50000,,100,"Пермский край, Бардымский муниципальный округ, парк развлечений Ашатли Тулва, Учебная трасса",Бесплатно более 2 месяцев,27 декабря 2021,2025-12-14 15:32:24
houses,https://www.avito.ru/volgograd/doma_dachi_kottedzhi/kottedzh_200_m_na_uchastke_1_sot._3171347946,Коттедж 200 м² на участке 1 сот.,30000,,200,"Волгоградская обл., Волгоград, Читинская ул., 20",Бесплатно более 2 месяцев,19 июля 2023,2025-12-14 15:32:30
houses,https://www.avito.ru/lev_tolstoy/doma_dachi_kottedzhi/dom_50_m_na_uchastke_36_sot._7259310397,Дом 50 м² на участке 36 сот.,5000,,50,"Липецкая обл., Лев-Толстовский р-н, Домачевский сельсовет, с. Орловка",Бесплатно более 2 месяцев,24 марта 13:02,2025-12-14 15:32:35
houses,https://www.avito.ru/vorovskogo/doma_dachi_kottedzhi/dacha_87_m_na_uchastke_6_sot._4729529116,Дача 87 м² на участке 6 сот.,53000,,87,"Московская обл., Богородский г.о., рп. имени Воровского, Нижняя ул.",Бесплатно более 2 месяцев,29 декабря 2024,2025-12-14 15:32:41
houses,https://www.avito.ru/sokolovskoe/doma_dachi_kottedzhi/dom_39_m_na_uchastke_5_sot._4004431752,Дом 39 м² на участке 5 сот.,5000,,39,"Краснодарский край, Гулькевичский р-н, Николенское сельское поселение, с. Николенское",Бесплатно более 2 месяцев,25 апреля 2024,2025-12-14 15:32:47
houses,https://www.avito.ru/pankrushiha/doma_dachi_kottedzhi/dom_50_m_na_uchastke_10_sot._7463603895,Дом 50 м² на участке 10 сот.,5000,,50,"Алтайский край, Панкрушихинский р-н, с. Панкрушиха, ул. Пушкина, 31",Бесплатно более 2 месяцев,12 июля 12:54,2025-12-14 15:32:53
houses,https://www.avito.ru/ladozhskoye_ozero/doma_dachi_kottedzhi/dom_160_m_na_uchastke_11_sot._3737348812,Дом 160 м² на участке 11 сот.,110000,,160,"Ленинградская обл., Всеволожский р-н, Рахьинское городское поселение, д. Коккорево, коттеджный пос. Ладожский Маяк, Ржевская ул.",Бесплатно на 1 неделю,26 февраля 2024,2025-12-14 15:32:59
houses,https://www.avito.ru/klin/doma_dachi_kottedzhi/dacha_40_m_na_uchastke_6_sot._3349840322,Дача 40 м² на участке 6 сот.,14000,,40,"Московская обл., г.о. Клин, садовое товарищество Авторемонтник, 24",Бесплатно на 1 неделю,7 октября 2023,2025-12-14 15:33:05
houses,https://www.avito.ru/novospasskoe/doma_dachi_kottedzhi/dom_60_m_na_uchastke_6_sot._4235294580,Дом 60 м² на участке 6 сот.,15000,,60,"Ульяновская обл., Новоспасский р-н, Новоспасское городское поселение, рп. Новоспасское, Кузнецкая ул., 41",Бесплатно более 2 месяцев,8 октября 2024,2025-12-14 15:33:11
houses,https://www.avito.ru/nizhegorodskaya_oblast_ardatov/doma_dachi_kottedzhi/dom_65_m_na_uchastke_28_sot._7760512445,Дом 65 м² на участке 28 сот.,10000,,65,"Нижегородская обл., Ардатовский муниципальный округ, с. Хрипуново, ул. Масловка, 52",Бесплатно более 2 месяцев,3 недели назад,2025-12-14 15:33:17
houses,https://www.avito.ru/kaluzhskaya_oblast_kirov/doma_dachi_kottedzhi/dom_40_m_na_uchastke_1_sot._7494208765,Дом 40 м² на участке 1 сот.,15000,,40,"Калужская обл., Кировский р-н, городское поселение Киров, Киров, Пролетарская ул., 137",Бесплатно на 1 месяц,16 июля 20:55,2025-12-14 15:33:23
houses,https://www.avito.ru/amurskaya_oblast_blagoveschensk/doma_dachi_kottedzhi/dom_12_m_na_uchastke_1_sot._3286220451,Дом 12 м² на участке 1 сот.,5000,,12,"Амурская обл., Благовещенск, ул. 50 лет Октября, 101",Бесплатно более 2 месяцев,12 сентября 2023,2025-12-14 15:33:29
houses,https://www.avito.ru/vysotskoe/doma_dachi_kottedzhi/dom_57_m_na_uchastke_30_sot._4250410532,Дом 57 м² на участке 30 сот.,1000,,57,"Ставропольский край, Александровский муниципальный округ, с. Грушевское",Бесплатно более 2 месяцев,3 июля 2024,2025-12-14 15:33:35
houses,https://www.avito.ru/atyashevo/doma_dachi_kottedzhi/dom_50_m_na_uchastke_20_sot._7478318823,Дом 50 м² на участке 20 сот.,10000,,50,"Республика Мордовия, Атяшевский р-н, д. Елхи, ул. Будённого, 17",Бесплатно более 2 месяцев,7 июня 15:08,2025-12-14 15:33:40
houses,https://www.avito.ru/novokuznetsk/doma_dachi_kottedzhi/dom_36_m_na_uchastke_6_sot._3636915482,Дом 36 м² на участке 6 сот.,10000,,36,"Кемеровская обл. — Кузбасс, Новокузнецкий г.о., Новокузнецк, Бамовский пер.",Бесплатно более 2 месяцев,8 марта 2024,2025-12-14 15:33:46
houses,https://www.avito.ru/derbent/doma_dachi_kottedzhi/dom_50_m_na_uchastke_5_sot._7601252439,Дом 50 м² на участке 5 сот.,30000,,50,"Республика Дагестан, Дербент, Поселковая ул., 4",Бесплатно на 1 неделю,3 сентября 17:40,2025-12-14 15:33:54
houses,https://www.avito.ru/krasnyy_gulyay/doma_dachi_kottedzhi/dom_52_m_na_uchastke_15_sot._4218575212,Дом 52 м² на участке 15 сот.,10000,,52,"Ульяновская обл., Тереньгульский р-н, Подкуровское сельское поселение, с. Суровка, Полевая ул., 14",Бесплатно на 1 неделю,11 июля 2024,2025-12-14 15:34:00
houses,https://www.avito.ru/sevastopol/doma_dachi_kottedzhi/dom_131_m_na_uchastke_2_sot._7278091755,Дом 131 м² на участке 2 сот.,80000,,131,"Севастополь, ул. Частника, 122",Бесплатно более 2 месяцев,10 апреля 17:07,2025-12-14 15:34:05
houses,https://www.avito.ru/grushevskaya/doma_dachi_kottedzhi/dom_453_m_na_uchastke_3_sot._4498990979,"Дом 45,3 м² на участке 3 сот.",15000,,45.3,"Ростовская обл., Аксайский р-н, Грушевское сельское поселение, станица Грушевская, Комсомольский пер.",Бесплатно более 2 месяцев,16 октября 2024,2025-12-14 15:34:11
houses,https://www.avito.ru/novoanninskiy/doma_dachi_kottedzhi/dom_80_m_na_uchastke_5_sot._7789180842,Дом 80 м² на участке 5 сот.,1500,,80,"Волгоградская обл., Новоаннинский р-н, городское поселение Новоаннинский, Новоаннинский, Пугачёвская ул., 15/3",Бесплатно на 1 неделю,9 октября 14:56,2025-12-14 15:34:17
houses,https://www.avito.ru/shahty/doma_dachi_kottedzhi/dom_80_m_na_uchastke_3_sot._3859927351,Дом 80 м² на участке 3 сот.,20000,,80,"Ростовская обл., Шахты, Советская ул., 196",Бесплатно более 2 месяцев,5 марта 2024,2025-12-14 15:34:22
houses,https://www.avito.ru/moskovskaya_oblast_krasnoznamensk/doma_dachi_kottedzhi/dom_44_m_na_uchastke_5_sot._7511308723,Дом 44 м² на участке 5 сот.,38000,,44,"Московская обл., Одинцовский г.о., с. Жаворонки, 3-я Советская ул., 22",Бесплатно более 2 месяцев,29 июня 18:04,2025-12-14 15:34:27
houses,https://www.avito.ru/ust-dzheguta/doma_dachi_kottedzhi/dom_48_m_na_uchastke_40_sot._4175699596,Дом 48 м² на участке 40 сот.,10000,,48,"Карачаево-Черкесская Республика, Абазинский р-н, аул Кубина, ул. Кали Джегутанова",Бесплатно более 2 месяцев,2 июля 2024,2025-12-14 15:34:34
houses,https://www.avito.ru/talinka/doma_dachi_kottedzhi/dom_54_m_na_uchastke_9_ga_1869554179,Дом 54 м² на участке 9 га,15000,,54,"Тюменская обл., Ханты-Мансийский АО",Бесплатно более 2 месяцев,24 января 2020,2025-12-14 15:34:39
houses,https://www.avito.ru/supseh/doma_dachi_kottedzhi/dom_100_m_na_uchastke_5_sot._2536478210,Дом 100 м² на участке 5 сот.,60000,,100,"Краснодарский край, муниципальное образование Анапа, с. Супсех, Благодатная ул., 11",Бесплатно на 1 неделю,29 августа 2022,2025-12-14 15:34:46
houses,https://www.avito.ru/ivanovo/doma_dachi_kottedzhi/dom_50_m_na_uchastke_6_sot._4302332334,Дом 50 м² на участке 6 сот.,20000,,50,"Ивановская обл., Иваново, 1-й Авдотьинский пер., 9",Бесплатно на 1 месяц,1 сентября 2024,2025-12-14 15:34:51
houses,https://www.avito.ru/poshehone/doma_dachi_kottedzhi/dom_50_m_na_uchastke_70_sot._1934073457,Дом 50 м² на участке 70 сот.,1,,50,"Ярославская обл., Первомайский р-н, д. Кубье",Бесплатно более 2 месяцев,25 июня 2020,2025-12-14 15:34:57
houses,https://www.avito.ru/luga/doma_dachi_kottedzhi/kottedzh_96_m_na_uchastke_25_sot._1144686029,Коттедж 96 м² на участке 25 сот.,65000,,96,"Ленинградская обл., Лужский р-н, Скребловское сельское поселение, д. Голубково, Центральная ул., 15А",Бесплатно на 1 месяц,24 июня 2017,2025-12-14 15:35:03
houses,https://www.avito.ru/ekaterinburg/doma_dachi_kottedzhi/dom_200_m_na_uchastke_30_sot._7717582669,Дом 200 м² на участке 30 сот.,250000,,200,"Свердловская обл., муниципальное образование Екатеринбург, пос. Совхозный, Полковая ул., 4",Бесплатно на 1 месяц,2 октября 01:45,2025-12-14 15:35:09
houses,https://www.avito.ru/ekaterinburg/doma_dachi_kottedzhi/dom_200_m_na_uchastke_30_sot._7717582669,Дом 200 м² на участке 30 сот.,250000,,200,"Свердловская обл., муниципальное образование Екатеринбург, пос. Совхозный, Полковая ул., 4",Бесплатно на 1 месяц,2 октября 01:45,2025-12-14 15:35:33
houses,https://www.avito.ru/tulskaya_oblast_yasnogorsk/doma_dachi_kottedzhi/kottedzh_145_m_na_uchastke_20_sot._2005227248,Коттедж 145 м² на участке 20 сот.,45000,,145,"Тульская обл., Ясногорский р-н, муниципальное образование Ревякинское, д. Бураково",Бесплатно более 2 месяцев,12 октября 2020,2025-12-14 15:35:39
houses,https://www.avito.ru/devitsa/doma_dachi_kottedzhi/dom_200_m_na_uchastke_20_sot._2873703137,Дом 200 м² на участке 20 сот.,30000,,200,"Воронежская обл., Семилукский р-н, Девицкое сельское поселение, с. Девица",Бесплатно на 2 недели,28 марта 2023,2025-12-14 15:35:45
houses,https://www.avito.ru/hvastovichi/doma_dachi_kottedzhi/dom_45_m_na_uchastke_30_sot._7234059884,Дом 45 м² на участке 30 сот.,15000,,45,"Калужская обл., Хвастовичский р-н, сельское поселение Воткино, с. Воткино",Бесплатно более 2 месяцев,24 марта 19:35,2025-12-14 15:35:51
houses,https://www.avito.ru/goryachiy_klyuch/doma_dachi_kottedzhi/dom_56_m_na_uchastke_32_sot._4613374398,Дом 56 м² на участке 32 сот.,100,,56,"Краснодарский край, Туапсинский муниципальный округ, хутор Афанасьевский Постик, Центральная ул.",Бесплатно более 2 месяцев,18 января 16:03,2025-12-14 15:35:58
houses,https://www.avito.ru/nevel/doma_dachi_kottedzhi/dom_30_m_na_uchastke_90_sot._4172656012,Дом 30 м² на участке 90 сот.,10000,,30,"Псковская обл., 58К-195",Бесплатно более 2 месяцев,11 сентября 2024,2025-12-14 15:36:04
houses,https://www.avito.ru/sochi/doma_dachi_kottedzhi/dom_170_m_na_uchastke_6_sot._4621980928,Дом 170 м² на участке 6 сот.,25000,,170,"Краснодарский край, Сочи, садовое товарищество Здоровье, 101",Бесплатно более 2 месяцев,9 января 14:19,2025-12-14 15:36:10
houses,https://www.avito.ru/ulyanovka/doma_dachi_kottedzhi/dom_65_m_na_uchastke_5_sot._7437427907,Дом 65 м² на участке 5 сот.,30000,,65,"Ленинградская обл., Тосненский р-н, Ульяновское городское поселение, городской пос. Ульяновка, Советский пер., 9",Бесплатно на 1 неделю,29 мая 10:54,2025-12-14 15:36:15
houses,https://www.avito.ru/lodeynoe_pole/doma_dachi_kottedzhi/dom_110_m_na_uchastke_9_sot._3966660306,Дом 110 м² на участке 9 сот.,60000,,110,"Ленинградская обл., Лодейнопольский р-н, Лодейнопольское городское поселение, Лодейное Поле",Бесплатно на 1 месяц,25 июня 2024,2025-12-14 15:36:21
houses,https://www.avito.ru/lytkarino/doma_dachi_kottedzhi/dom_90_m_na_uchastke_20_sot._7623510718,Дом 90 м² на участке 20 сот.,50000,,90,"Московская обл., Ленинский г.о., д. Андреевское, Кооперативная ул., 11",Бесплатно на 1 месяц,28 сентября 18:01,2025-12-14 15:36:27
houses,https://www.avito.ru/staryy_oskol/doma_dachi_kottedzhi/dom_200_m_na_uchastke_10_sot._7765537313,Дом 200 м² на участке 10 сот.,55000,,200,"Белгородская обл., Старооскольский г.о., Старый Оскол, ул. Домостроителей",Бесплатно на 1 неделю,11 ноября 16:12,2025-12-14 15:36:32
houses,https://www.avito.ru/irkutsk/doma_dachi_kottedzhi/dacha_16_m_na_uchastke_12_ga_7626804007,Дача 16 м² на участке 12 га,350,,16,"Иркутская обл., Иркутск, пл. Графа Сперанского",Бесплатно на 1 неделю,25 августа 15:17,2025-12-14 15:36:38
houses,https://www.avito.ru/moskva_zelenograd/doma_dachi_kottedzhi/dom_100_m_na_uchastke_20_sot._7652866457,Дом 100 м² на участке 20 сот.,81000,,100,"Московская обл., г.о. Химки, д. Рузино, 29В",Бесплатно на 1 месяц,20 сентября 11:31,2025-12-14 15:36:44
houses,https://www.avito.ru/myski/doma_dachi_kottedzhi/kottedzh_150_m_na_uchastke_11_sot._2687909857,Коттедж 150 м² на участке 11 сот.,65000,,150,"Кемеровская обл. — Кузбасс, Мысковский г.о., Мыски, ул. Суворова, 2",Бесплатно на 1 неделю,28 ноября 2022,2025-12-14 15:36:50
houses,https://www.avito.ru/perm/doma_dachi_kottedzhi/dom_28_m_na_uchastke_4_sot._7566674616,Дом 28 м² на участке 4 сот.,25000,,28,"Пермский край, Пермский муниципальный округ, д. Большое Савино, Аэродромная ул., 5",Бесплатно более 2 месяцев,15 августа 10:43,2025-12-14 15:36:56
houses,https://www.avito.ru/sankt-peterburg/doma_dachi_kottedzhi/taunhaus_63_m_na_uchastke_2_sot._2302530609,Таунхаус 63 м² на участке 2 сот.,89250,,63,"Ленинградская обл., Всеволожский р-н, Юкковское сельское поселение",Бесплатно на 1 неделю,22 февраля 2022,2025-12-14 15:37:03
houses,https://www.avito.ru/varna/doma_dachi_kottedzhi/dom_80_m_na_uchastke_10_sot._7466823286,Дом 80 м² на участке 10 сот.,15000,,80,"Челябинская обл., Варненский муниципальный округ, Кулевчинское сельское поселение, с. Кулевчи, Лесная ул.",Бесплатно более 2 месяцев,14 июня 15:53,2025-12-14 15:37:09
houses,https://www.avito.ru/mayma/doma_dachi_kottedzhi/dacha_100_m_na_uchastke_30_sot._7773163974,Дача 100 м² на участке 30 сот.,20000,,100,"Алтайский край, Алтайский р-н, с. Верх-Ая",Бесплатно более 2 месяцев,7 дней назад,2025-12-14 15:37:16
houses,https://www.avito.ru/veydelevka/doma_dachi_kottedzhi/dom_60_m_na_uchastke_35_sot._4440180788,Дом 60 м² на участке 35 сот.,9000,,60,"Белгородская обл., Вейделевский р-н, Кубраковское сельское поселение, с. Кубраки, Центральная ул., 68",Бесплатно более 2 месяцев,10 сентября 2024,2025-12-14 15:37:22
houses,https://www.avito.ru/divnomorskoe/doma_dachi_kottedzhi/dom_60_m_na_uchastke_6_sot._3867825871,Дом 60 м² на участке 6 сот.,45000,,60,"Краснодарский край, муниципальное образование Геленджик, с. Михайловский Перевал",Бесплатно более 2 месяцев,15 апреля 2024,2025-12-14 15:37:28
houses,https://www.avito.ru/belyaevka/doma_dachi_kottedzhi/dom_52_m_na_uchastke_8_sot._4555827478,Дом 52 м² на участке 8 сот.,1000,,52,"Оренбургская обл., Акбулакский р-н, Фёдоровский сельсовет, с. Фёдоровка, Центральная ул., 77",Бесплатно более 2 месяцев,2 сентября 2024,2025-12-14 15:37:33
houses,https://www.avito.ru/krasnodar/doma_dachi_kottedzhi/dom_70_m_na_uchastke_3_sot._2464617680,Дом 70 м² на участке 3 сот.,39900,,70,"Краснодарский край, Краснодар, Лучезарная ул., 12",Бесплатно более 2 месяцев,22 июня 2022,2025-12-14 15:37:39
houses,https://www.avito.ru/kusa/doma_dachi_kottedzhi/dom_100_m_na_uchastke_1_sot._2368987428,Дом 100 м² на участке 1 сот.,30000,,100,"Челябинская обл., Кусинский р-н, Кусинское городское поселение, Куса, ул. Суворова, 24",Бесплатно более 2 месяцев,17 марта 2022,2025-12-14 15:37:44
houses,https://www.avito.ru/ropsha/doma_dachi_kottedzhi/dacha_40_m_na_uchastke_12_sot._7411210453,Дача 40 м² на участке 12 сот.,10000,,40,"Ленинградская обл., Ломоносовский р-н, Ропшинское сельское поселение, садоводческий массив Новая Ропша, Вишнёвая ул., 77",Бесплатно более 2 месяцев,20 мая 20:09,2025-12-14 15:37:48
houses,https://www.avito.ru/yaroslavl/doma_dachi_kottedzhi/dom_120_m_na_uchastke_20_sot._3077403876,Дом 120 м² на участке 20 сот.,55000,,120,"Ярославская обл., Тутаевский р-н, Левобережное сельское поселение, пос. Летешовка",Бесплатно более 2 месяцев,21 мая 2023,2025-12-14 15:37:54
houses,https://www.avito.ru/ivanovskaya_oblast_shuya/doma_dachi_kottedzhi/dom_300_m_na_uchastke_18_sot._7564530764,Дом 300 м² на участке 18 сот.,30000,,300,"Ивановская обл., Шуя, ул. Свердлова",Бесплатно более 2 месяцев,21 августа 11:43,2025-12-14 15:37:59
houses,https://www.avito.ru/alagir/doma_dachi_kottedzhi/dacha_200_m_na_uchastke_7_sot._3754974594,Дача 200 м² на участке 7 сот.,20000,,200,"Республика Северная Осетия — Алагирский р-н, пос. Верхний Фиагдон",Бесплатно на 1 месяц,8 апреля 2024,2025-12-14 15:38:05
houses,https://www.avito.ru/sochi/doma_dachi_kottedzhi/dom_50_m_na_uchastke_6_sot._7493725739,Дом 50 м² на участке 6 сот.,110000,,50,"Краснодарский край, г.о. Сочи, с. Верхневесёлое, Черновицкая ул., 66",Бесплатно более 2 месяцев,23 июня 16:36,2025-12-14 15:38:10
houses,https://www.avito.ru/dzhankoy/doma_dachi_kottedzhi/dom_45_m_na_uchastke_15_sot._7448652703,Дом 45 м² на участке 15 сот.,15000,,45,"Республика Крым, Джанкойский р-н, Кондратьевское сельское поселение, с. Кондратьево, ул. Ленина, 60",Бесплатно более 2 месяцев,5 июня 00:59,2025-12-14 15:38:15
houses,https://www.avito.ru/rechitsy/doma_dachi_kottedzhi/dacha_180_m_na_uchastke_10_sot._7381936422,Дача 180 м² на участке 10 сот.,55000,,180,"Московская обл., Раменский г.о., с. Игнатьево, 50",Бесплатно на 1 месяц,21 мая 17:32,2025-12-14 15:38:21
houses,https://www.avito.ru/chelno-vershiny/doma_dachi_kottedzhi/dom_42_m_na_uchastke_37_sot._7743605159,Дом 42 м² на участке 37 сот.,50000000,,42,"Республика Татарстан (Татарстан), Нурлатский р-н, Андреевское сельское поселение, с. Андреевка, ул. Н.И. Маслакова, 42",Бесплатно на 1 неделю,16 октября 14:43,2025-12-14 15:38:27
houses,https://www.avito.ru/buzuluk/doma_dachi_kottedzhi/dom_200_m_na_uchastke_20_sot._1501744721,Дом 200 м² на участке 20 сот.,10000,,200,"Оренбургская обл., Бузулук, Юго-Западная ул., 3",Бесплатно более 2 месяцев,28 марта 2018,2025-12-14 15:38:33
houses,https://www.avito.ru/volgograd/doma_dachi_kottedzhi/dom_40_m_na_uchastke_4_sot._7300993496,Дом 40 м² на участке 4 сот.,70000,,40,"Волгоградская обл., Волгоград, Шатурская ул., 67/167",Бесплатно более 2 месяцев,20 апреля 14:09,2025-12-14 15:38:40
houses,https://www.avito.ru/shahovskaya/doma_dachi_kottedzhi/dom_120_m_na_uchastke_16_sot._7499149483,Дом 120 м² на участке 16 сот.,75000,,120,"Московская обл., муниципальный округ Шаховская, д. Рождествено, Весенняя ул., 23",Бесплатно более 2 месяцев,13 июля 10:36,2025-12-14 15:38:50
houses,https://www.avito.ru/amurskaya_oblast_svobodnyy/doma_dachi_kottedzhi/kottedzh_220_m_na_uchastke_17_sot._3956471558,Коттедж 220 м² на участке 17 сот.,80000,,220,"Амурская обл., Свободный, жилой район Залинейный, мкр-н ПМК-111",Бесплатно более 2 месяцев,7 апреля 2024,2025-12-14 15:38:55
houses,https://www.avito.ru/pogar/doma_dachi_kottedzhi/dom_52_m_na_uchastke_28_sot._3043704171,Дом 52 м² на участке 28 сот.,5000,,52,"Брянская обл., Погарский р-н, Витемлянское сельское поселение, д. Исаевка",Бесплатно на 2 месяца,18 июня 2023,2025-12-14 15:39:01
houses,https://www.avito.ru/luga/doma_dachi_kottedzhi/kottedzh_64_m_na_uchastke_80_sot._4603444409,Коттедж 64 м² на участке 80 сот.,40000,,64,"Ленинградская обл., Лужский р-н, Скребловское сельское поселение, д. Заречье",Бесплатно на 1 месяц,23 ноября 2024,2025-12-14 15:39:06
houses,https://www.avito.ru/pechory/doma_dachi_kottedzhi/dom_40_m_na_uchastke_6_sot._7356211905,Дом 40 м² на участке 6 сот.,5000,,40,"Псковская обл., Печорский муниципальный округ, д. Вашина Гора",Бесплатно более 2 месяцев,5 мая 15:37,2025-12-14 15:39:12
houses,https://www.avito.ru/tulskaya_oblast_yasnogorsk/doma_dachi_kottedzhi/kottedzh_150_m_na_uchastke_30_sot._2005417867,Коттедж 150 м² на участке 30 сот.,90000,,150,"Тульская обл., Ясногорский р-н, муниципальное образование Ясногорск, Ясногорск, Комсомольская ул.",Бесплатно на 1 неделю,14 октября 2020,2025-12-14 15:39:18
houses,https://www.avito.ru/irkutskaya_oblast_homutovo/doma_dachi_kottedzhi/dom_143_m_na_uchastke_7_sot._7690973207,Дом 143 м² на участке 7 сот.,40000,,143,"Иркутская обл., Иркутский муниципальный округ, д. Куда, Лучистый пер.",Бесплатно на 1 неделю,6 октября 19:39,2025-12-14 15:39:25
houses,https://www.avito.ru/rostov-na-donu/doma_dachi_kottedzhi/kottedzh_120_m_na_uchastke_7_sot._7563173450,Коттедж 120 м² на участке 7 сот.,45000,,120,"Ростовская обл., Мясниковский р-н, Чалтырское сельское поселение, садоводческое некоммерческое товарищество Факел СКВО, 337",Бесплатно более 2 месяцев,6 августа 22:15,2025-12-14 15:39:31
houses,https://www.avito.ru/kuybyshev/doma_dachi_kottedzhi/taunhaus_640_m_na_uchastke_54_sot._847145893,Таунхаус 640 м² на участке 54 сот.,130000,,640,"Новосибирская обл., Куйбышевский р-н, городское поселение Куйбышев, Куйбышев, ул. Копьёва, 2А",Бесплатно более 2 месяцев,3 октября 2016,2025-12-14 15:39:37
houses,https://www.avito.ru/volgograd/doma_dachi_kottedzhi/kottedzh_158_m_na_uchastke_4_sot._340609330,Коттедж 158 м² на участке 4 сот.,49900,,158,"Волгоградская обл., Волгоград, посёлок Ангарский, ул. Твардовского, 27/251",Бесплатно более 2 месяцев,26 мая 2014,2025-12-14 15:39:42
